Hb_mean_channel_1,Hb_std_channel_1,Hb_mean_channel_2,Hb_std_channel_2,Hb_mean_channel_3,Hb_std_channel_3,Hb_mean_channel_4,Hb_std_channel_4,Hb_mean_channel_5,Hb_std_channel_5,Hb_mean_channel_6,Hb_std_channel_6,Hb_mean_channel_7,Hb_std_channel_7,Hb_mean_channel_8,Hb_std_channel_8,Hb_mean_channel_9,Hb_std_channel_9,Hb_mean_channel_10,Hb_std_channel_10,Hb_mean_channel_11,Hb_std_channel_11,Hb_mean_channel_12,Hb_std_channel_12,Hb_mean_channel_13,Hb_std_channel_13,Hb_mean_channel_14,Hb_std_channel_14,Hb_mean_channel_15,Hb_std_channel_15,Hb_mean_channel_16,Hb_std_channel_16,Hb_mean_channel_17,Hb_std_channel_17,Hb_mean_channel_18,Hb_std_channel_18,Hb_mean_channel_19,Hb_std_channel_19,Hb_mean_channel_20,Hb_std_channel_20,Condition,Participant,Label,HbO_mean_channel_1,HbO_std_channel_1,HbO_mean_channel_2,HbO_std_channel_2,HbO_mean_channel_3,HbO_std_channel_3,HbO_mean_channel_4,HbO_std_channel_4,HbO_mean_channel_5,HbO_std_channel_5,HbO_mean_channel_6,HbO_std_channel_6,HbO_mean_channel_7,HbO_std_channel_7,HbO_mean_channel_8,HbO_std_channel_8,HbO_mean_channel_9,HbO_std_channel_9,HbO_mean_channel_10,HbO_std_channel_10,HbO_mean_channel_11,HbO_std_channel_11,HbO_mean_channel_12,HbO_std_channel_12,HbO_mean_channel_13,HbO_std_channel_13,HbO_mean_channel_14,HbO_std_channel_14,HbO_mean_channel_15,HbO_std_channel_15,HbO_mean_channel_16,HbO_std_channel_16,HbO_mean_channel_17,HbO_std_channel_17,HbO_mean_channel_18,HbO_std_channel_18,HbO_mean_channel_19,HbO_std_channel_19,HbO_mean_channel_20,HbO_std_channel_20
-0.0001063113880042,0.0001916599514948,6.28122651908097e-05,0.0001675580367769,7.556662148861512e-05,0.0001520408372541,-0.0001661774781354,0.00025163633567,0.001470943969087,0.0006828294010558,3.258612727162755e-05,0.0002079352507635,-0.0001284999521701,0.0001303903529387,-0.0003621056997844,0.0004246957112747,-8.245963588012655e-05,0.0003269895273662,-0.000226079340779,0.0004092062418435,-0.0003331557738938,0.0001794981244591,-7.322866321833652e-05,0.000126253008479,6.167655921602411e-05,0.0001368459637539,-1.0410644368388115e-05,0.0002769009254799,-0.000392475784384,0.0002887490893839,-7.304886355829944e-05,0.0001144050367455,-0.0001565774557104,0.0001182436205418,0.0005229562780954,0.0003151517733754,0.0001706543296218,0.0003803222485392,0.0006728520229868,0.0004060637357188,Incongruent,Sheet1,1,0.0001894956221299,0.0002171135585186,-5.553102342735485e-05,0.0002004952654108,-4.262098053786458e-05,0.0002223399311705,0.0001836009235157,0.000318439115105,-0.0015152095696282,0.000866711220744,3.749062739060141e-05,0.0002340543753957,0.0001302597999547,0.0001520489411001,8.0171427763379e-05,0.0003535191939018,-1.8846044347049503e-05,0.0002951520300252,0.0001569168802213,0.0003844498036018,0.0004527693594361,0.0001845956270524,0.0001638055285352,0.0001893451356885,3.410117804722193e-05,0.0002135391435814,0.0001333092132364,0.0002411356737163,0.0004555738456892,0.0003390835537411,3.428519597134482e-05,0.0001379603986805,0.0001340030611445,0.0001429533478734,-0.000297911404649,0.0003218054709723,1.7046262568642975e-06,0.0003672124218087,-0.0005765117775732,0.0004125599400826
-5.018037907907699e-05,9.27900839570289e-05,-0.000157449335048,0.000111868041677,-0.0001525796072898,0.0001002887276023,-7.973928724468658e-05,7.569367270726264e-05,-4.48031441630398e-05,5.9018687605872336e-05,-5.690121086003077e-05,0.0004066900622602,-0.0006346859165284,0.0003631806453373,-0.00015858042855,0.0005167996325714,-0.0005363037346489,0.0005161942846214,-0.0006357628641278,0.0008352085177144,0.0004372972768028,0.0006437838630319,-0.0002103429891263,0.0004994017106357,-0.0002359995830219,0.0005148881907776,0.0016869796883887,0.0018290878803461,-0.0003611272205961,0.0004972888536294,0.0004289701262509,0.0016792619338189,-0.0008723165883456,0.0013068345071731,-0.0006409679320341,0.0011892163728666,-0.0012892516046435,0.0011606590758752,-0.0004317319248085,0.0008982627210564,Incongruent,Sheet2,1,-0.0002339633548457,0.0001869886530739,-0.0001043497412061,0.000135363778362,-0.0001895586509504,0.0002097937485302,-0.0003144163791563,0.0002135198885498,-0.000329949102319,0.0002080132922083,-0.0002909549122384,0.0004584015484241,0.0004541530310346,0.0005201011001981,-0.0003860185420842,0.000666647372323,0.0001338523348584,0.0005667395694661,0.0002170226319616,0.0008798309330832,-0.0007517482944071,0.0006250223023893,-0.0001891244282733,0.0005491592346361,-0.0001622483846148,0.0005640332343534,-0.0019512272817188,0.0022773234410066,-8.080925990053635e-05,0.0005031581034614,-0.0005912367982106,0.0013066770442367,0.0005444696186747,0.0009595072606582,0.0004504753422483,0.0008961573864944,0.0008565461022005,0.0009550734610279,0.0001992507705978,0.0008141405557882
0.000107097532247,5.747245509181944e-05,0.0001370376147462,8.823642680723197e-05,0.0003062246867689,0.0001641106324767,0.0002587093825768,9.140529413049245e-05,0.0001978011010953,8.265637778458034e-05,7.902433826358176e-05,0.0003247990936239,0.000243999264201,0.0001565702253484,-7.326989274242245e-05,0.0002593619352745,-0.0009605651190153,0.0005588388702938,-0.0017216293151193,0.0006607196853935,7.082794551343005e-05,0.0001131911492291,0.0001167973658798,8.982963780332961e-05,0.0001768668021942,0.0002778215464694,0.0004236133398127,0.0001957516518289,0.0004256512853655,0.0002884777489885,-0.0003665653597803,0.0003803002197663,-0.0029202736062244,0.0012490127772894,0.0012632039376011,0.0010133710181021,7.729583786555923e-05,5.130435845273338e-05,5.807781665263676e-05,4.702789246828783e-05,Incongruent,Sheet3,1,2.9163882515643288e-05,0.0001128523552207,-7.082906702519927e-05,0.0001927241523731,-0.0001244171521423,0.0001086535548586,-0.0001950490281837,0.000101650084222,-0.0001054887638818,9.755254398631356e-05,-3.484274590500232e-05,0.0003613606458162,-0.0003056350262354,0.0001891591599021,2.9762799084811484e-05,0.0002761268924956,0.0010837369520813,0.0006483436329824,0.0020059961542485,0.0008044461269122,-6.151994587665964e-05,8.999053655184603e-05,-0.0001207051843233,0.0001632710681497,-0.0001683569320297,0.0001201244432792,-0.0004773427651617,0.0001640907058113,-0.0005281167204316,0.000237448526185,0.000563860259697,0.0004980038055151,0.003865787468673,0.0016484661958929,-0.001246769939733,0.0008710559640971,-0.0003686099971816,0.0001176026330151,-0.0002549126560367,8.153925391665781e-05
-0.0017304830833021,0.003278226675212,-0.0010912531713494,0.0009374453182289,-0.0007443740480803,0.0008487193666951,-0.000548732625085,0.0007186572027348,-0.002350915908856,0.0014275335365226,0.0016082943629477,0.0009512461903888,0.0007760855564965,0.0006495396338304,0.0005976836891379,0.0006087300160586,0.0003494831836276,0.0005896572111336,0.0003099294274322,0.0006262152856887,-1.1460953617269117e-05,0.0004709088212808,0.0002034397778462,0.0003286421001304,-7.800402510193477e-05,0.000235363502681,0.0003286886665761,0.0004676084282387,-2.7899641479735563e-05,0.0004124392937793,0.0006956443961869,0.0023970754415009,-0.0026412859406655,0.0026920212378133,8.764398506335161e-05,0.0015560954970391,-0.0028174112937205,0.0033190709143796,0.0041628798983097,0.0019369141423682,Incongruent,Sheet4,1,0.0022245939253921,0.0034117352704143,0.0019049808983369,0.0010890626635974,0.0012592338891742,0.000893119714389,0.0007465408931033,0.000757856306134,0.0027497720974322,0.0015877588390454,-0.0008593191983511,0.0007109673389385,-0.0002205834713948,0.0005279244514411,-0.0002324901301156,0.0005478777817226,-9.260476857041289e-06,0.0006290791380464,-6.815415846156174e-05,0.000607711558426,0.0010235381262203,0.0004788617755018,0.0004241927709425,0.0003551058669395,0.0005651074892636,0.0003184927279498,0.0007904159399508,0.0003786808650556,0.0012613715493898,0.00063464987149,0.0005203788910255,0.0029391838386203,0.0035489813105608,0.0030759746262845,0.0009216455483025,0.0018641627575696,0.0030897183760981,0.0039348694602264,-0.0025293416630287,0.001783447677392
0.0004832251828256,0.0004366179918727,0.0004527823835794,0.0004654846283596,0.0004096282107908,0.0003717291120552,0.0004616557712603,0.0003651508660488,0.0005891252161219,0.0004067736822234,0.000452040693789,0.0004470364259037,0.000729096849025,0.0003523970104258,0.0003814750284042,0.0003509336581961,0.0005473384547423,0.0003884638192686,0.0013399602051356,0.0006687983312136,-1.859651042793858e-05,0.0002537762669589,5.532351085354187e-05,0.0001651585340253,0.0001723132247479,0.0002849873397617,0.0001640084279046,0.0002589169156097,-8.558747993638907e-05,0.0001377364684308,0.0003386052947515,0.000705672133956,0.0013103528909334,0.000381370574001,0.0004402956755325,0.0003386181676003,9.676998849863312e-05,0.0001193583126612,3.2658141149898964e-05,6.091824106847763e-05,Incongruent,Sheet5,1,-0.000579950112698,0.0004789115841818,-0.0006042987465735,0.0004004842620229,-0.000469792270874,0.0003625707168117,-0.0004480425961661,0.0003726235877575,-0.0005847055823662,0.0004111422173732,-0.0003450879369906,0.0005356711240066,-0.0006349667547979,0.0003466866310613,-0.0003505806980916,0.0003556893060506,-0.0004489068959458,0.0004426272142621,-0.0015551178606451,0.0008552752863031,-6.898737985883359e-05,0.0002807352955546,-0.0001506863653502,0.0003111361641378,-1.0044932479758184e-05,0.0002623771355759,-5.710176594227832e-05,0.0002435261748132,7.253264563115852e-05,0.0002446428081431,-0.0001695425719784,0.000530835840523,-0.0006164551171685,0.0002481762696268,4.68803138815871e-05,0.0001625367632104,0.0003199824765479,0.0002565627959185,7.355905031107699e-05,0.0001733836381826
0.0003122390128906,0.0001542966921098,0.0003063438576922,0.0001341787910941,0.0002080236525717,0.0001259155279557,4.514472245686714e-05,0.0001530111311094,0.0002295672235739,0.0002223009002305,0.0002032430642562,0.0002805410409441,0.0001822658684289,0.0001893027018293,0.0004318531568716,0.0002237831617902,0.0003475477531724,0.0002227771928707,8.460371208755711e-05,0.0001891268389319,-0.0004192668582074,0.0002538659977735,-9.195918967680274e-05,0.0001846131299125,-0.0003009226649699,0.0001808220485758,-0.0001538113957684,0.0001711036280367,-0.0002763060540018,0.0001972383460274,9.062199981580148e-05,0.0001113230207772,0.00018450948699,8.584771030892427e-05,6.958644031099022e-05,0.0001331170093301,0.0001513835692322,0.0002132547735907,-0.0004236767588318,0.0001795042144303,Incongruent,Sheet6,1,-0.0002167242591954,0.0001516733113537,-0.0001492696212338,0.0001169872044705,-8.721089424446706e-05,0.0001192214851866,3.802561473122389e-05,0.000136551256386,-1.3623927761173482e-05,0.0002156880706835,-6.611665745642848e-05,0.0003186938252245,-0.0001181501221452,0.0002177954635764,-0.0003901872104951,0.0002572523157751,-0.000245859715177,0.0002606128479972,-1.3237336484047513e-05,0.0002121161249046,0.0005355980044866,0.000324731495261,0.0001535595453365,0.0002360991890274,0.0003742075582427,0.0002395135430543,0.0001867057470594,0.0002164917647072,0.000352258915627,0.0002533362108532,-8.918445087891205e-05,0.0001346353440066,-0.0001305892771957,9.833374789178483e-05,1.79781680011495e-05,0.0001391266995378,0.0002384163334706,0.0002109035576436,0.0006324478312189,0.0002685121916331
0.0003402026459074,0.0001150201501444,0.0003680904204233,0.0001147262412328,0.0003199947531273,9.849828405673825e-05,0.000318807204118,0.0001288444642254,0.0002553840654727,0.000108123480853,0.0004450683798225,0.0007484757692326,0.0007040602420696,0.000490987928821,-3.3340855371552806e-05,0.000888065700383,-0.0004255297627502,0.0015319207686354,0.000231779299265,0.0022245124345308,-0.0002092883908225,0.0002015676309884,-0.0002719441719116,0.0002771025292418,-0.0003448931988706,0.0003073939972282,-0.0003697396353514,0.0002681211805186,-0.0001965816448734,0.0001586766774826,-0.0006154235820458,0.0003091207115471,-0.0003542184323899,0.0001891622742511,-0.0001687791650257,0.0001782455689123,-0.0002216754172643,0.0001669112066819,-0.0003811039545084,0.0002121409886709,Incongruent,Sheet7,1,-0.0001730026299038,0.0001580847312551,-5.294660956649251e-05,0.0001269124497735,-0.0001080074118923,9.73209438949752e-05,-0.0001208753813052,0.000111772672121,-0.000125808663883,0.0001067261419679,-0.000316511878971,0.0009426974337006,-0.0005768940148853,0.0005927812434812,6.615501905713703e-05,0.0011740084412715,0.0005861672663597,0.0020252223845341,-0.0002478827204277,0.0029379373283329,0.0002858422103566,0.0002130598356287,0.000377861216742,0.0003000799313738,0.0004947354555867,0.0003396716098389,0.0004504250319735,0.0002646248580601,0.000304364216569,0.0001947737585464,0.0005073771000452,0.0002886098816054,0.0001681126694454,0.0002150731584461,-1.1556992246990482e-05,0.0002283494856941,4.5287632167292847e-05,0.0001985710057609,0.0002934182322145,0.0002301205572575
-9.41842491299866e-05,0.0001180732801711,8.989824770777502e-06,0.0001198679005821,-1.111661071516747e-05,0.0001213710787821,-6.059161092664651e-05,7.570754003369434e-05,-0.0001560151183052,0.0001013128074244,-0.0002455545689907,0.0007779044952695,0.000218222890802,0.0004199438591835,0.0001899437857704,0.0005478030760886,0.0015021702724242,0.000948739508417,0.0009003154642225,0.0007754916914672,-0.0004795743580251,0.0019319061971417,0.0013159713824149,0.0010425116915006,8.406961084877924e-05,0.0008758614133781,0.0005674572635445,0.0008492460277425,0.002000797864834,0.0012074598568553,3.4108633572164383e-06,6.142729676898262e-05,-0.0009729722402704,0.0023680115606813,-0.0002445555322502,0.0027931694575352,0.0016232067204961,0.0025231807443672,-6.908331170414916e-06,4.961368061748451e-05,Incongruent,Sheet8,1,0.0002471333608916,0.0001567182760031,9.471403769376924e-05,0.0001349939147467,0.0001342905915923,0.0001294856312274,6.544034025938738e-05,8.849652877683285e-05,0.0001311431674283,0.0001118178899028,0.0002157205525965,0.0009218417817116,-0.0002338182928057,0.0004943265609529,2.8571449627057416e-05,0.0006444945448647,-0.0012151169633951,0.0009682693271115,-0.0005374977160378,0.0009389496216476,0.000541818743938,0.0028258317175542,-0.0014938451253699,0.0012887655104385,3.982641183336586e-05,0.001112888803451,-0.0006486369320491,0.0010800129832475,-0.0024932046383214,0.0016110335054562,-0.0001099926725138,7.958406473191765e-05,-0.0003916548425591,0.0017545669772958,-0.0008123834776304,0.0028020626876269,-0.0031769259043516,0.0028516064137689,1.2130564655628768e-05,5.402009157568366e-05
0.0002180119283927,0.0001030168805474,0.000274910987978,0.0001281453757476,0.0001971920694043,0.0001148753028774,0.000407330154179,0.0002042542743048,0.0001046032559195,7.367304854868665e-05,-0.0001699368363486,0.0003494658296837,0.0001420532170401,0.0002063783685294,0.0001700574731338,0.0003572244174716,0.0002104733848381,0.0002022821835245,-0.000255836678273,0.0006655957709793,-0.0008928226186882,0.0008661397042915,-0.0002735069563559,0.0006415348595273,-1.2459292184964388e-05,0.0008310412195966,-0.0001585003060631,0.0006409306780176,-0.0001129139284598,0.0003849189306995,-4.220029808292618e-07,9.166877911736556e-05,-2.0261653682129176e-05,0.0001176214793958,0.0001516881193208,0.0001687469917446,-0.0001250519264735,0.000192759363444,1.045048192332902e-05,0.0001133114444678,Incongruent,Sheet9,1,0.0007340266968265,0.0003741397028319,0.001168040823838,0.0005161978789105,0.0011024836757321,0.0004579749332235,0.0006714316665535,0.0002646097305921,0.0002381106483125,0.0001504510517525,0.0001958287922247,0.0004306728206934,-7.685866635055431e-05,0.0002401238903231,-0.0001404243173463,0.0004082644711364,-0.0002575119004002,0.0002265497634952,0.0001517486538416,0.0007478109096675,0.0010891438236796,0.0010658851252971,0.0004292734373726,0.0008248324200977,7.202494387713239e-05,0.0010485091638199,0.000294560075,0.0008135594368754,8.673291479137389e-05,0.0004964796430912,-0.0001156435594647,0.0001836452469459,1.0914238190649016e-05,0.0001353591524432,-0.0001594070110342,0.0002030282014009,5.8080589544937445e-05,0.0002112468050393,0.0012175518517986,0.0005313969336173
8.840954959646496e-05,0.0001818476483793,-9.716744580914717e-05,0.0001846794817264,3.136208804477591e-05,0.0001113531944392,0.0001202650369575,4.95865745560239e-05,-2.6026328744583603e-05,5.180255264559264e-05,-4.892709478448524e-05,0.0005451679893167,-0.000875804369996,0.0007381061540219,-0.0005332332383968,0.0005863919317513,0.0021018672656993,0.0018808581657647,0.0018360299177478,0.0018777687003499,-0.0001948536556378,0.000239134103641,-0.0005627733279373,0.0004978897731413,-7.93017962807975e-05,0.0002427257834471,1.6078309011422195e-05,0.0002257562021502,1.98705196394694e-05,0.0002149935077261,-0.0005910606767261,0.0001708964980619,-0.0010659806944407,0.0002827035677765,-0.0003163809613873,0.0002330552148713,-4.311989334027169e-05,0.0001840475119962,-0.0001711556036642,0.0001994449959056,Incongruent,Sheet10,1,0.0001461273156944,7.911401155912096e-05,0.0002383011679581,0.0002030895937032,7.837936736080256e-05,9.07941310544674e-05,-0.0001361573844354,8.614100058913311e-05,-2.0820789144395355e-05,6.853061260357871e-05,-8.580339517101916e-05,0.0006805797267905,0.0008444612438836,0.0008609744271247,0.0003896003553917,0.0007095671708915,-0.0028506757978766,0.0024583698040864,-0.0023731177249489,0.0024481515936457,0.000350934392104,0.0003178766771264,0.0007264065358431,0.0008262098119383,0.0004868982939563,0.0005745979326866,8.782734676663003e-05,0.000298972387211,8.093339211168162e-05,0.0002593525200654,0.0006054793440542,0.000191309424166,0.0009193331221453,0.0002088983549169,0.0002763974357286,0.0002314089437329,0.0001289507602049,0.0001692033405425,0.0003069945556551,0.0002637636942448
-9.975268447918136e-05,0.0007391137905477,-0.0001548280669715,0.0008451409413214,-4.800300855397658e-05,0.0007926973782218,5.262913322752783e-05,0.0007169767959907,0.0002657511105013,0.0007739246609838,0.0004245129139232,0.0005383641652539,0.0004126853606224,0.0003848564697772,0.0003648429429843,0.0004460577240467,0.0006393580314331,0.001895171660735,0.0002048989176062,0.0015266030345706,0.0005671346600328,0.0002332665906303,0.0006715298472169,0.0003311844731582,0.0006505452374296,0.0003605463317756,0.0006258452468066,0.0002775964430367,0.0004181481850827,0.0001561830523796,0.0007563124215648,0.0007886741407155,0.0008496657269866,0.0003128355223591,0.0001682732974101,0.0001396654602114,0.0005502279498192,0.0002278319951626,0.0006178925677692,0.0002911609463377,Incongruent,Sheet11,1,-1.3869259469807052e-05,0.0008241243651288,-0.0002026374284909,0.0008450816446701,-0.0002945226794126,0.0009576928556726,-0.0002787822401728,0.0008683469389352,-0.0003327652369959,0.0009611913264618,-0.0006413654605038,0.000566409008874,-0.0005961621196084,0.0003835407188204,-0.0005506182356886,0.0005535883569401,-0.0008920335669985,0.0024977210921493,-0.0002804756642222,0.0020044167365533,-0.0007522392443365,0.0002867131380591,-0.001046781642313,0.0004363721257059,-0.0011454296929451,0.0004686668335333,-0.0009219379834063,0.0003337681443649,-0.0005147913906309,0.0002100488539407,-0.0009039655526248,0.0006342064886105,-0.0010263494366361,0.0003600112348087,-0.0002436823562872,0.0001467842757503,-0.000754965216377,0.0003228568347616,-0.0007078784347668,0.0003589086518147
0.0003084726786807,0.0002433471745386,5.7394744454363376e-05,0.0001235377482052,0.0001142975339665,0.0001021984298831,-0.0012052486534047,0.0011369380381204,-8.988540271409249e-05,0.0002350280068479,0.0003531820389403,0.0003282230739714,0.0001320730028702,0.0001405595532648,0.0004768939412072,0.0005000907694398,0.0006547893587488,0.0003795700352509,0.000167774041104,0.0002725948162047,0.0024138721962655,0.0010272937164324,-0.000186072961439,0.0005254909420471,-0.0002599158862587,0.0005394767203493,-0.0005195225166041,0.0004171181253172,0.0002157662662136,0.0005941360750003,0.000409950813722,0.0004071578946768,0.0004700999357518,0.0003799856483281,0.0003037411348951,0.0002838171706181,0.0002686370004306,0.0002851851514892,0.0002121324735699,0.0003047508223235,Incongruent,Sheet12,1,-0.0002407942351419,0.0002683872496738,-4.108763469836825e-05,0.000147222918328,-0.0001332245713118,0.0001196769359079,0.0013925934901833,0.0014192671790992,0.000131629441828,0.0002757399864328,-0.0002429989328104,0.0003401966557413,-0.0001817756730093,0.0001611893354701,-0.0001539666170623,0.0004457660934858,-0.000571576275627,0.000375670051816,8.700429972478028e-05,0.0002802502104532,-0.0030331578211841,0.0013254283438385,0.000309239978051,0.0006795430797892,0.0003496234422673,0.0007044152284271,0.0006865208429388,0.0005457620137294,-0.0001198314613166,0.0007675359659405,-0.0001212823999476,0.0004294918501354,-0.000160220695975,0.0004140747843141,-0.0001175344058939,0.0003117261255346,-8.649299023974681e-05,0.0003178567615203,-7.849411832136263e-05,0.0003468524035239
0.0001342056986139,0.0001118250249325,0.0001061107222122,0.0001314796090187,3.881143116242151e-05,0.0001253293392318,7.415945379042816e-05,9.395092876452151e-05,7.008353906417958e-05,6.392233977880531e-05,0.0011979241304045,0.0004790130866093,0.0005013199541616,0.0004733126841364,0.0023435681750157,0.0007063266769463,0.0019817748365888,0.0009473915022413,0.0017247515053773,0.0007932257885753,-0.0001182663714007,0.0001138402244795,-0.0001803419316788,0.0001529793537153,-0.000216982690033,0.0001465206567335,-0.0001800855258801,0.0001046343442481,-7.391832791645477e-05,7.223593323472145e-05,0.0002110963065123,0.000168372974708,0.0001248012210012,0.000130798436557,0.0001362834964511,0.0001237425919217,0.0001145104609775,0.0001270975377415,0.0002107581674084,0.0001763793670905,Incongruent,Sheet13,1,0.0001379358190204,0.0002183289848824,-6.228302989885051e-05,0.0001428980762851,7.604926411422794e-05,0.0001023131742957,3.490066307186805e-05,9.673577453709348e-05,5.228898643891786e-05,0.0001163827962495,-0.0012904897665664,0.0005489525592494,-0.0003460939586963,0.0004304313219934,-0.0027563271890724,0.0007949687414405,-0.0020932731438996,0.0010242395708552,-0.0017890123923866,0.0009150058343711,0.0001595459989123,6.771413153985992e-05,0.0001439964751137,0.0001249058903319,0.0001817139297995,0.0001146960398895,0.0001731882922548,0.0001275523953434,6.581956197031496e-05,7.520056492425877e-05,-5.1654456260621546e-05,0.0001097491348996,8.131687001926681e-05,0.0001258353333719,4.9154616018879134e-05,9.951062394518656e-05,0.0001089453180077,0.0001670933616681,3.635053581677605e-05,0.0001778350861894
-0.0002184256835596,0.0002644045097242,6.179586600850881e-06,0.000196673926058,-0.0006186109035735,0.0005023646011923,-7.249950200901034e-05,0.0002962195017169,0.0001400986608859,0.0002898099233682,0.0005397868451614,0.0012614689509949,-0.001134268314434,0.0013128597732894,0.0003217743186156,0.0004271224502353,3.525190203381024e-05,0.0002701799955352,-0.0008590227771507,0.0004971379261106,0.0001799508519996,0.0004149917565785,-2.088938160768734e-05,0.0004198224361455,4.449152787057312e-05,0.0004440244729859,0.0003506910723759,0.0005245576086843,0.0002596613699593,0.0005123674088816,0.0003278207310062,0.0004938484774269,0.0014663242428923,0.0018240984936194,0.0018644334750851,0.0025714195988847,0.0001221215827607,0.0004489926727125,-6.85940344144039e-05,0.0005236711012542,Incongruent,Sheet14,1,-4.9048419531352416e-05,0.0004933036050443,-0.0001811859871085,0.0003870374322379,-0.0006548397204194,0.000544708715042,-0.0004000634993039,0.0006726562858277,-0.0006778931567731,0.0006875213367442,-0.0008453458210304,0.0011781771283137,0.0012063888458295,0.0013936473668981,-0.0002952034462564,0.0004958396951806,-9.335405948938468e-05,0.0003269803027528,0.0011999448802646,0.0006076177681452,-0.0003432915413918,0.0006359024653609,-0.0001219933876045,0.0006317873352563,-0.0002652489445491,0.0007015222107541,2.15382294991694e-05,0.0008456195766615,-0.0002223735401125,0.0005275216096127,0.0001974355725081,0.0003916162401935,0.0002091381453336,0.000472911224863,-0.0002662866330757,0.0011645848321132,-0.0001511091407392,0.0008427647415427,-0.0004682477480316,0.000972494469515
-0.0017275867957913,0.0007525160400771,-0.0016747321685543,0.0006973002295575,-0.0018100445220176,0.0007584278428994,-0.0018488674485998,0.0007799675809391,-0.0017828297638946,0.0007949525316106,-0.0004444833091156,0.0015325541285345,-0.0015032195009229,0.0009073682361659,-0.0001192889926856,0.0010651614937681,-0.0010103022575456,0.0009042057765089,-0.0007246744238768,0.0008933488580696,-0.0003780979367238,0.0001522475063747,-0.000367333498322,0.0001812978464899,-0.0005024526579843,0.0002168361276448,-0.00055329600911,0.0002009752566109,-0.0006189167661597,0.0002008283579243,-2.808055956572494e-05,0.0002061702174292,-0.0003858795711111,0.0004718228730486,-0.001460379809638,0.0007085033880318,-0.0005356737578727,0.0004743386242931,-5.454173096121057e-05,0.0003954121811886,Incongruent,Sheet15,1,0.0017735144492151,0.0007421062859537,0.0017192472493879,0.0006785307472144,0.0019197505653597,0.0007429314659782,0.0020014477973583,0.0007518636047963,0.0019175940539025,0.0007842434244702,0.0003296093289614,0.0018351193148827,0.001214024164057,0.0007888341034072,-0.0001247264652549,0.0012576235279837,0.0010367802290187,0.0010306271433971,0.0005516923572438,0.0008696361656887,0.0004331340236399,0.0001684045598412,0.0004762233257467,0.0002203748122675,0.0005416299414761,0.0002320235505205,0.0006297362428601,0.0002356420733644,0.0006386196044969,0.0002166230365187,-7.291433016071217e-05,0.0002490743356596,0.0003486829341935,0.0004406403370607,0.0012752499077157,0.0007281865803428,0.0005323738588452,0.0005447728210995,8.058588442380026e-05,0.0004105995179698
-5.1149716685896726e-05,0.000107945859409,-0.0001095653775251,0.0001114439567035,-0.0002206123177544,0.0001288105785269,-0.0002518043389647,0.0001378642262005,-0.0001910878377642,0.0001225079623185,0.0004459187568092,9.027948395937712e-05,0.000434251012253,6.884409501885306e-05,7.286134418661085e-05,6.524327184185599e-05,-0.0002905254993303,0.0001046787168171,-0.0001254424039905,9.197838644725072e-05,0.0005355967693865,0.0007159253206489,0.0006430970486364,0.0009616085887262,0.002086610042507,0.0009505242341866,0.0006458153311212,0.000682785202791,0.0003029125254906,0.0003220641963821,-0.0003788984166872,0.0001569750795148,-0.0004092498386405,0.0001367726186963,-0.0003277195945494,0.0001266733528272,-0.002884468224322,0.0012163357311994,-0.0011993328354008,0.00197386543975,Incongruent,Sheet16,1,0.0001441518142493,0.0001889584188614,0.000252369668941,0.0001582822811512,0.0003687451741363,0.0001347684108255,0.0006204261845404,0.0001501176447488,0.0003324255156557,0.0001839860706075,-0.0001614311546472,7.808827199731161e-05,-0.000256378253191,7.304138483847743e-05,-2.423772200859008e-05,0.0001120696783183,0.0004658589563179,0.0001894086848747,0.0002688728096156,0.0001832928622207,-0.0002841472619409,0.0008070874966605,-0.0003888426553616,0.0011503697339799,-0.0023273197452825,0.001135988517438,-0.000445234855511,0.0008212929026719,-0.0005373277533435,0.0003745704422903,0.0003463606450693,0.0001736863273976,0.0004571589289291,0.0001574888521889,0.0003749724202504,0.0001436060203822,0.0036153345796533,0.0015902792322915,0.0007481905721864,0.0015337662989965
0.0004023859626929,0.0003910922600958,0.0002427054280745,0.0002293339034079,0.0003394600637882,0.0002368657685871,0.000383880643283,0.0002659635497247,0.0002603489844228,0.0003292254193847,0.0010903543049524,0.0011253685284339,0.000257619753463,0.0009252207163592,-0.0029890447162879,0.0011943511903306,-0.0003557592462425,0.002119379445276,0.0019070922410177,0.0023145062639766,0.0001970964334442,0.0005672074217667,-3.66987621453708e-05,0.0004330385079243,0.0001111201030886,0.0003657890676797,0.0002802511318016,0.0003736146474055,0.0001925576037818,0.0003424003269351,0.0021454119880086,0.0008869976837074,0.001714276650333,0.0012717521900278,-0.0010946955323529,0.000551372490736,0.0001686354605994,0.0006017208730849,0.00049704679892,0.0004614920894979,Incongruent,Sheet17,1,-0.0004023304316805,0.0002660946393065,-0.0005923616073919,0.0002964991166072,-0.0004429644698337,0.0002302459349369,-0.000229859006694,0.0002238304847046,-9.785760613215548e-05,0.0002238856898726,-0.0006503923940475,0.0009855040356914,0.0001335271551334,0.0007648577052022,0.0037156963322506,0.0014284471529888,0.0007897260129887,0.0027119375766111,-0.0020128202224025,0.0028810501921731,-0.000387475943396,0.0006386131337938,-0.0007491104067227,0.0005614759442356,-0.0006766341360092,0.0004411021709289,-0.0005560558739937,0.0004423740954967,-0.0002512997009671,0.0003811336411836,-0.002642151415792,0.0010624338635149,-0.0025083950681161,0.0016174923660137,0.0011081832438215,0.0007546203720993,-0.0003295891955246,0.000748162707921,-0.0006201973848415,0.0005796006045395
-3.1595119349209394e-05,7.175426066160507e-05,0.0002758513505538,0.0003696895299802,-8.953594790966849e-05,9.100067603034198e-05,-0.0001923069478158,0.000112084802955,-0.0001900124041598,9.879392871520892e-05,-0.000746522578333,0.0004477345407804,-0.0006194350899298,0.0003779176390767,-0.0004080039924411,0.0003026314452185,-0.0004920378877298,0.0003440353010534,-0.0005386893532012,0.0003869387137261,2.609517729012524e-06,0.0006158263842547,-8.221979127273373e-05,0.0005819046514018,0.0002169083989335,0.0005651325835862,-0.000183084573538,0.0004191883752455,-0.0001052355929557,0.0003936489801473,0.0005251850594717,0.0013260274332715,-0.0001269600698905,0.0005642582365285,0.0002881833625198,0.000209558673149,0.0001124135456512,0.0001646202297689,0.0002130809507365,0.0001764410059192,Incongruent,Sheet18,1,-0.000170138454877,0.000126377057705,-0.000196941909689,0.0003806813787341,1.1666075076667114e-05,0.0001030731169892,0.0001673547333902,0.0001387550482007,3.159513045429042e-05,0.0001184631731852,0.0006582112274151,0.0005606772651827,0.0006366738983858,0.0004823375456041,0.0002008412490569,0.0003505808553121,0.0005666750090776,0.0004409573084161,0.000478011528423,0.0004430233084547,-0.0003530171333104,0.0007959577898122,-0.000312040180078,0.0005999493231493,-0.0008669103160711,0.0007039088253174,-5.127821877813984e-05,0.0005461446181906,-7.598800809064079e-05,0.0004817983717921,-0.0004738771566534,0.0008537232834055,-0.0004376344218563,0.0004278375236852,-0.0005544914493168,0.0002651671393637,-0.0004929903450554,0.0002632175726289,-0.0003905321164326,0.0002009004847818
-0.0006525697897024,0.0004027029140684,-0.0003146342686778,0.0002084459747316,-0.0006503091687076,0.0002849079269659,-0.0008394072732431,0.0003590132753002,8.684404179794825e-05,0.0001369179067859,-3.5016490662192766e-05,0.0001321123712173,0.0009205522773705,0.0004205749416131,-0.0001612298039299,0.0004219851838426,0.00095196659039,0.000657892034062,0.0010083087961872,0.000790610874436,0.0002020720133662,0.0004116627742346,0.000188884837028,0.0003692137943292,2.2510509287641136e-05,0.0003423889749731,-8.417631035943616e-05,0.0003694393366545,0.0002974690358068,0.0002711241432991,0.0018916570961788,0.0013721281919389,0.0021750279231769,0.0014808069928557,-0.0003896116921146,0.000611846241326,-0.0008902565589575,0.0004179148685394,-0.000835488172994,0.0004047033041109,Incongruent,Sheet19,1,-0.0015620967253375,0.0005901246030215,-0.0007010052115665,0.0003154857667163,-0.0004901689923223,0.0002835567754222,-0.0003018486505164,0.0002487660580667,-6.104717747224334e-05,0.0001487852077076,5.394050541919466e-05,0.0001628024067832,-0.0005968038400749,0.0003356205059661,-0.0001111235559745,0.0004355299823764,-0.0014821031478429,0.0008114494615406,-0.001808107040581,0.0009636031464516,-0.0002039878133945,0.0004553991207004,-0.0004255581216036,0.0004562380930279,-0.0003120743578858,0.0004320623203287,-4.678758984849529e-05,0.0004415281903112,-0.0003110876993141,0.0003826502250581,-0.002406199339205,0.0017120551284512,-0.0027076849668628,0.0019266236317648,0.0006176723768216,0.0006120226529823,0.0005739897396927,0.0003852015760636,0.0007128598025954,0.0004225844308414
-5.342245930501429e-05,0.0002254566581543,-0.0004962364860063,0.0011974698418273,0.0002055622299894,0.000109604879755,8.376936664391032e-05,0.0001516091254687,2.7752292647641395e-05,0.0001381314464351,-0.0001407663271352,0.0001716426918607,0.0001360888605608,0.0001602878387592,4.321987139804725e-05,0.0002052209472079,0.0001165459525927,0.0003302529677362,0.000204397718559,0.0001490279096643,0.0003016484839267,0.0002004266480272,-0.0003388740013758,0.0001785568575412,-4.340484852829185e-05,0.0001786745050538,0.0003185922979864,0.0002298123428461,-0.0002140697237299,0.0001937832979505,2.8883818994658656e-05,0.0001007930112033,-0.000115704591541,9.605627444355404e-05,1.216310924985809e-05,8.252950280187726e-05,2.0611069057111947e-05,8.863397573523327e-05,7.949218739745517e-06,0.0001176756692264,Incongruent,Sheet20,1,7.92601603910977e-05,0.0002650049879492,0.000823965433208,0.0015004799486978,-0.0002687269448852,0.0001165261283801,-5.849984990368128e-05,0.000187831031789,4.926160193684944e-05,0.0001445506073854,0.000206932593826,0.0002033730370417,-0.0001202427030363,0.0001927463696062,1.0708378780805388e-05,0.0002449133719565,-6.608218619902604e-05,0.0003800777360099,-0.000210146272333,0.000178556630418,-0.0004052450517344,0.0002405629171745,0.000455817589281,0.0002195475187546,-9.964279923117028e-07,0.0002173239168072,-0.0004244666503253,0.0002896011643077,0.0002231287151842,0.0002469872644901,-3.7277499749212408e-06,0.0001189247467683,0.0001756165113836,0.0001176708635333,2.1472122694674777e-05,0.0001015082195033,-2.746462880445092e-05,9.893422109496464e-05,1.4605901519055711e-05,0.0001407967384699
0.0014908136062034,0.0004473178507374,-5.280907658479285e-05,0.0012893591680773,0.0005989527525746,0.0007957478364959,-0.0003828150678946,0.0001985818272376,0.0001863906708899,8.881885167482766e-05,-0.006572615062321,0.0028669297795937,-0.0004758926276161,0.0003537627757747,0.0002400679072593,0.000357822626809,0.0001355658967237,0.0002909854522787,-0.0004127989164497,0.0003973511735214,-0.0003988736377981,0.0002779765264075,-0.0001935281477078,0.0007804068698347,0.0002833911501363,0.0002625577428959,0.0006982308956159,0.0007371419923406,-0.0008124136550354,0.0007017310092798,-0.0028903292255287,0.0018003524760104,-0.0030046246110938,0.0018087689147984,-0.0033550399002107,0.0016511564045592,-0.0025125876481049,0.0015657047440023,-0.003072045578533,0.0019303628200387,Incongruent,Sheet21,1,-0.0007400765908872,0.000427378358111,-0.000430596669323,0.0016711768860564,-0.00093827707065,0.0010784641467326,0.0004186838503781,0.0002505406837831,-5.071052848440807e-05,0.0001225657140556,0.0067509776143168,0.0029954161757131,0.0015320291056532,0.0006986345102293,0.0007931828477711,0.0003901224160039,0.0007912745655862,0.0003824284905487,0.0018361111846582,0.0008246123116665,0.0005051508235122,0.0003534379337034,0.0001166231041317,0.0010410455715071,-0.0003175898469107,0.0003368813215552,-0.0008723423850305,0.0009663181565155,0.001006631620699,0.0008978557294153,0.0019937687806344,0.0012387563494143,0.0021686368239561,0.0012767203748544,0.0028782779578604,0.0013475782855108,0.0017856868815469,0.0011541137734542,0.0015299710815831,0.0014295163483973
-0.0002054312183273,0.0002712695532654,-0.00026000487647,0.0002582591979868,-0.0002066814607929,0.000213202526461,-0.0005087585783156,0.00030301726765,0.0009577534654882,0.0008650404413568,-8.548362882794042e-05,0.0001485412929855,-0.0002774916227573,0.0001687867370929,9.9499114488853e-06,0.0003877885424239,0.0004713720698063,0.0003588157393962,-0.0003293930895505,0.0003448981344076,-0.000573070112082,0.0002398657796091,-0.0006071011678495,0.0002129117644157,-0.0005896035773957,0.0002303437605336,-0.0003776415610491,0.0003740359307753,-0.0006043724966214,0.0005043330899198,-7.582069350997678e-05,0.0001198506348108,4.818646288169964e-05,0.0001150785237709,0.0012140396083511,0.0008111885479066,0.0009962062140045,0.0011770652537771,0.001498462996389,0.0011356464660238,Neutral,Sheet1,0,0.0001683079133121,0.0002655840998336,0.0001763474738261,0.0002284220834316,0.000249926187985,0.000178153392225,0.0004486308913771,0.0003128123095376,-0.0011946948991148,0.0011225674294442,6.693618426340362e-05,0.0001685308798156,0.0001947521542816,0.0001901268799297,5.4339861540527385e-05,0.0003092296420435,-0.0004244968041682,0.0003179409522323,8.098703287115449e-05,0.0003319953236641,0.0007412248361214,0.0003280039465136,0.0007164409799469,0.0002829725010838,0.0007015527991697,0.0002754034435138,0.0004689902616706,0.0004096493843987,0.0008752519789841,0.0005411503872231,0.0001089666876021,0.0001386919063565,-8.247919427301516e-05,0.0001294651305687,-0.0013922108360268,0.0007027907959307,-0.0010781988589309,0.0009133303189338,-0.0018340802194299,0.0009003706660366
7.845016345483338e-05,0.0001256908886184,-2.8980868302546208e-06,8.961899458024422e-05,-2.683130458796883e-05,0.000102665114968,0.0001422106636129,8.505578316972337e-05,0.0001811664644629,0.000107649637023,0.0022629042600973,0.0007509546333096,0.0006849933975806,0.0005917213678231,0.0006460581669652,0.0006526997158065,0.0008632287711437,0.0006356778264621,0.0027831304508187,0.0011405671724983,0.0002330202657656,0.0004395462810732,0.0010652442781474,0.0004657959858499,0.001045940103109,0.0004317600094156,0.0022784057324742,0.0015588449958955,0.0011005618546795,0.000510637315697,0.0005177875799042,0.00146648414368,0.0024439876389239,0.0013758324661893,0.0009820313820462,0.0012026462561063,0.0014023842084866,0.0011244608176395,0.0006182397857565,0.0008463093563512,Neutral,Sheet2,0,-0.0002340125247333,0.0001773048517432,-5.434392907766568e-05,0.00022210088058,-0.0003417511614064,0.0001964533047873,-0.000328951743832,0.000221081478032,-0.0004611321858312,0.0002450650578294,-0.0023968220833446,0.0008323475617762,-0.0007024367340987,0.0006317053865368,-0.000818331311785,0.0007753919759662,-0.0009466414006389,0.000739154807842,-0.0033920384692238,0.0014459635804374,-0.0003795277317461,0.0003102396211447,-0.0013095118645658,0.0005511385262201,-0.0012745514386417,0.0005205920805153,-0.0029287185965027,0.0019929105746735,-0.0010688947607529,0.0004210935618348,-0.0006593404486472,0.0011785909390982,-0.0017165949828208,0.0010928195533978,-0.0007842348899485,0.0009759285943156,-0.0008929083830712,0.0009019632840284,-0.0006259364483848,0.0007378102454494
0.0007576142139579,0.0005681824375315,0.0007727045581602,0.0005414634302053,0.0008650324861299,0.0005438779558505,0.000737632492591,0.0005303320999306,0.0006855359150588,0.0005588900984622,0.0002954980186235,0.0003298627934208,-5.700027404576607e-05,0.0001560687995349,8.05221403335736e-05,0.0003529630890242,-0.0001091075163748,0.0005383955353332,0.0004809957623224,0.0006680039953289,7.117041632306841e-05,0.0001708877056212,4.594234407613476e-05,0.0001373811652289,0.0001398579733203,0.0002824844078156,3.572801583331661e-07,0.0002400406522809,0.0004566588512251,0.0004259882838885,-0.0003644018847747,0.0004369713404432,-4.402933799401145e-05,0.0012197824952101,0.0015914214248014,0.0008984512707398,0.0001832312861514,0.0001147729115535,0.0001614225545121,0.0001086836504305,Neutral,Sheet3,0,-0.0006369382911038,0.0005576688219448,-0.0006797148344202,0.0006287213053912,-0.0007361952904043,0.0005767780780044,-0.000798027321083,0.0005990654080319,-0.0007069436607143,0.0005777591472458,-0.0002391903074424,0.000386818690952,7.626450580706267e-05,0.000189094476331,4.836934969922673e-05,0.0003247418202595,9.71419226337004e-05,0.0006347141275361,-0.000695699693885,0.0007911922239788,-7.73057539854918e-05,0.0001826398491337,-2.4801199636236584e-05,0.0001746397979733,6.625938253048632e-05,0.0001310422742647,-0.000150577368314,0.000193495606244,-0.0005038009659291,0.0003360049419592,0.0004706955387915,0.0005614932244211,0.0001736615181796,0.0016284915571443,-0.0014603492713387,0.0008376637569695,-0.0003569511903676,0.0001675352527332,-0.0002888182890447,0.0001581596867451
0.005938881774839,0.0043397260739484,-0.0003822038529516,0.0008313323977613,-0.0008224097403241,0.0007355737800045,-0.0005921290994031,0.0006384689749594,0.001800572918937,0.0019592392917104,-0.0017652161250771,0.0007017379990539,-0.0019178781660487,0.0005436896491636,-0.0017201137330963,0.0006899825368244,-0.001089422137811,0.0008555681768709,-0.0009082761391383,0.0008465372807174,-0.0005865199641354,0.0002644558424432,7.918180926457359e-05,0.0003930873098588,0.0003399604892445,0.0004360320259247,0.0004811082528703,0.0003933673946538,0.0001850939444496,0.0003252864413487,0.0009879385399566,0.0015844072380239,0.0009610152976431,0.0012826395043703,-0.0013213479782718,0.0012719023822949,0.0034126140403483,0.0017255476846428,-0.0001476065500817,0.0016896273802679,Neutral,Sheet4,0,-0.0064072657115596,0.0047413255270556,-0.0016281321000613,0.0015379900733135,-0.0003489350904625,0.000994095950659,-0.000472109421519,0.0008127610768531,-0.0024199605140514,0.0021310112392116,0.0012614279086066,0.0005264327693722,0.0015246339804674,0.000496326145586,0.0015029674174343,0.0006217579036088,0.0007547148644926,0.0010670786024184,0.000581410598546,0.0007706602151548,-0.000767832495547,0.0006404492735498,-0.0016370963776871,0.0010850703031855,-0.0013975266910344,0.0009644899827664,-0.0013547975596393,0.0009316796341876,-0.0007481846981752,0.0006579003719556,-0.0012760964921765,0.0012760411802236,-0.0015256659031439,0.0010452776210253,0.0004226795219343,0.0009111601216749,-0.0041376207658521,0.0016739608354989,-0.0010297811478601,0.0011450295656449
-5.445010120970832e-05,0.0001455648275854,-2.537489857161548e-05,0.0001438193521038,-0.0001634057290233,0.000148284949579,-7.183416455069263e-05,0.0001419858354892,2.4079800762478015e-05,0.0001351322763211,-0.0006628495056298,0.0004304857771396,-0.0016929246393717,0.0007646469083712,-0.0012159627216041,0.0005637125767038,-0.0005469707957773,0.0003188995183468,0.0003526700329285,0.0004924341413273,0.0006437583791987,0.0003201676096901,0.0006853284076374,0.000319861806252,0.0005855731278203,0.0003152607543316,0.0005075674245409,0.0003443028296448,0.0004289389085834,0.0003039350571753,7.243117120039939e-06,0.0008224257428141,-0.0005581078886164,0.0005364854688624,2.185303337093941e-05,0.0002368780640838,4.8954190073812645e-05,0.000111108491311,-4.734124592945378e-05,0.0001232229915233,Neutral,Sheet5,0,-0.0001673542058127,0.000179913384282,-9.616502315925202e-05,0.0001622598570875,-1.5117470633717424e-05,0.0001702815792802,-0.0002204819990926,0.0001815619435578,-0.0002915752874201,0.0002090793946751,0.000464030816659,0.0004631326918242,0.0012381349430316,0.0005950077790349,0.0008049705787503,0.0004628274459939,0.0003765045335911,0.0003642125914521,-0.0006039327972301,0.0006293578130357,-0.0006339761795425,0.0003640525736646,-0.0006791451058977,0.0003896012125453,-0.0005932757186349,0.0004167503894432,-0.0006702390364663,0.0003505462408458,-0.0005414062438681,0.0003233442490212,-0.0002920367312866,0.0006687550267014,0.0002197954444612,0.0003080212425202,-0.0001620385812654,0.0002100472967712,-0.0002128532505842,0.0001748801626002,1.1439232414171032e-05,0.0001813914774982
-8.818249789675112e-05,0.0001371155105832,-2.666994117515874e-05,0.0001152071135003,-1.3350809710914657e-05,0.0001147820701959,-0.0001857672263509,0.0001291792467638,-0.0003837483883731,0.0002081868592325,-0.0003178756111921,0.0002382512222446,-7.106921419290803e-06,0.0001646348799375,-7.039991497821864e-05,0.0002187567561883,0.0001034360198923,0.0002010481202451,0.0003387046503611,0.0001638316978123,-0.0003083792576501,0.0002080430657559,-0.000287162599963,0.0001995515439908,-8.835922612105713e-05,0.0001638388351734,0.0001233685433023,0.0002006105735542,-4.72286454094967e-05,0.0002319607231315,0.0001010328646541,0.0001137865161289,1.31931822145247e-05,0.0001131893055226,1.5976050060126963e-05,0.0001157009070539,-0.0002603020086546,0.0002755301583595,0.0003667699253073,0.0001785328220143,Neutral,Sheet6,0,6.812290397513105e-05,0.0001454623603038,7.420564242868002e-05,0.000132962024786,-4.505298291862701e-06,0.0001282742901067,0.0002011568860439,0.0001314457505764,0.0003868641931659,0.0002013671026609,0.000336955089686,0.0002542937190595,1.102524715793366e-05,0.0001823102108443,4.8820339983115245e-05,0.000235892033482,-0.0002191735804681,0.0002463332144485,-0.0003292016160615,0.0001851721728813,0.0004013810055476,0.0002725863365469,0.000408722190242,0.0002556745059546,0.0001358342201524,0.0002136569177128,-0.0001040196142221,0.0002542192488923,0.0001063005993988,0.0002868426104835,-0.0001236167359787,0.0001398478688427,-1.369523282696035e-05,0.0001303587083564,2.7710107644214452e-05,0.0001241056272068,0.0002741455055951,0.0002746914111552,-0.0004732283829822,0.0002441670081212
0.000180170739437,0.0001766244647294,0.0003665514389854,0.0002255899850686,0.0003371983843866,0.0001900156977537,0.0001958913670781,0.000107475618952,0.0001116219996467,8.915316774177723e-05,-0.000328383598494,0.000841987196211,-0.0002017081515305,0.0006771156476169,-0.0002163752296321,0.000844993918899,-0.000178010068825,0.0013612789112262,0.000134548085618,0.0024507051605592,0.0001977311844019,0.0003744762393677,0.0002247492475639,0.0003763523531592,0.0003193421370281,0.0002643767029392,0.0003704619143282,0.0003100685861569,0.0003951759323274,0.0003556800190312,-9.798428563432632e-05,0.0002496343248194,-1.304274330231817e-05,0.000206628989533,-1.61526606525967e-05,0.0002021347207391,-0.0001427101045041,0.0001900585897192,-0.0001944293277576,0.0001682082865023,Neutral,Sheet7,0,-0.0005136673584615,0.00031689101205,-0.0006766191963692,0.0003604814012901,-0.0006381727156972,0.0002661885533692,-0.0006112877409057,0.0002332535548124,-0.000506982329104,0.0001997607370147,0.0002894948398861,0.0010102788380926,0.000293332176585,0.0007346753465633,0.000164260598341,0.0009990232484012,2.4444461854882e-05,0.0016630077226694,-0.0001622992167386,0.0031303908165557,-0.0003179370471702,0.0002956310967267,-0.0003372526180905,0.0003056535468403,-0.0004523745909588,0.000288345229925,-0.0006691342261686,0.000321374160606,-0.0005882608964277,0.0003184752290173,-0.0003008718761571,0.0002823007755328,-0.0003390298632845,0.0002695211879413,-0.0002836749210756,0.000285894142295,-1.3116666570355911e-05,0.0002585835168694,7.741830173310172e-05,0.0002286991038801
0.0001455572896659,0.0001505984718717,3.860016890169508e-05,0.0001519221128739,4.458589383867968e-05,0.0001388713230997,0.0001569070533741,0.0001061852929601,0.000258792826752,0.0001293672630884,0.0008638047101038,0.0007617994544846,0.0005079668552909,0.000385127083717,2.489404933440676e-05,0.0006862833813403,0.0009487533483024,0.0007704977731712,0.0005120656726077,0.0006859834243595,0.0021955210637191,0.001309883115465,0.0022710668831547,0.001057082750499,-0.0006108298180856,0.0011439572096402,-0.0010876411572182,0.0007589269139365,-0.0010171482941525,0.0010515109159011,-0.0001056959617269,6.552668786022994e-05,0.0008224894474785,0.0014576032109665,-0.0029979493300366,0.0028611217760807,-0.0036175731104758,0.0028768890116847,-4.709107349239999e-06,5.625996973914902e-05,Neutral,Sheet8,0,-0.0001497331216379,0.0001745481540225,-7.689892339198363e-06,0.0001802138789232,-6.881454304590842e-05,0.0001653075960753,-0.0002656813392575,0.0001554702187535,-0.0004314607807999,0.0001911899933556,-0.0010716616369882,0.0008898049021358,-0.000575990346374,0.0004804088817022,8.51655898639623e-05,0.0008308391127033,-0.0010485473081664,0.0009232964799642,-0.0001488145674938,0.0008046655676283,-0.0013546944744089,0.0016327120790524,-0.002011954008578,0.0012923619135214,0.0011298415525856,0.001447623367774,0.0013621294499215,0.0009314113132286,0.0026189244064492,0.0012953976575377,4.925322260808728e-05,0.0001000139809443,0.0011629525008083,0.0015426482574025,0.0047827806767962,0.0035746729725655,0.0042459605176067,0.0036960575716897,0.0002921051101487,0.0001096755346278
0.000214027846265,9.43779487772824e-05,0.0003576228665153,0.0001357598729841,0.0002869535114465,0.0001079677009975,0.0001922339093874,0.0001081579941503,-1.8743944453896007e-05,9.141557958038665e-05,0.0006891373072327,0.0004020028861208,0.0001452330603396,0.0002025278110709,0.000177683754181,0.000300804284225,-9.670584144756016e-05,0.0002033699698336,0.000780686884023,0.0006463367395567,0.0003904047454949,0.0008450690651217,0.0001730610172126,0.0006029861866394,0.0013915329596539,0.0008523817749404,-0.0004518447698145,0.0006840335450504,4.225446228343211e-05,0.0004128765985828,0.0001006261783347,0.000186144366361,2.743201672065204e-05,9.805501422018598e-05,-0.0001769938931279,0.0001591123874472,0.0001610806591934,0.0001715007498048,8.938708670699005e-05,0.0001803987517096,Neutral,Sheet9,0,-0.0004745353814195,0.0002336196061475,-0.0003640854889254,0.0001493978635749,-0.0003896753064731,0.0002145002981698,-0.0004013934618124,0.0001578720643384,-0.0001283715572854,0.0001449123626661,-0.0008937891021518,0.0005053058453142,-6.013665693522492e-05,0.0002438330066265,-0.0001464552782957,0.0003400151786051,0.0001753772413878,0.0002540149059052,-0.0009444930184031,0.0007541158781523,-0.0005113108045395,0.0010218255940918,-0.0003570615625812,0.0007367368125547,-0.0015015462260385,0.0010416294765495,0.0006897345148845,0.0008559257530072,-3.6849148942483054e-05,0.0005269003667877,-0.0005675627328153,0.0001960412926247,-5.935121800325962e-05,0.0001201716160034,0.0001094040887194,0.0001935058956981,-0.0002772130615933,0.0001927456802848,-0.0001023161837701,9.909165411025178e-05
-4.683792316221023e-05,0.0002068287046547,-0.0003914125704149,0.0003308036416077,0.0002439840229455,0.0001912332113852,-1.1694487849680506e-06,8.207831959545547e-05,4.898437458189148e-05,7.726008643243971e-05,0.0005887459087014,0.0006560199986349,0.0006209132473713,0.0005047997865488,0.0009839321758553,0.0005756492518103,0.0005840339111388,0.0018645429213201,0.0004440337761409,0.0014054755413698,4.908624565734952e-05,0.0001210749054884,-0.0003849514960746,0.0004378401576738,-0.0001068481142594,0.000183960673005,-3.233375857453417e-05,0.0001190215928958,-0.0001935404904316,0.000129955811717,-0.0005876743426154,0.0003178856693093,-0.0007962963595896,0.000475895632657,-0.0001316016528278,0.0001755320457836,-0.00018511399492,0.0001481294853574,-0.0002521208264423,0.0001856318874065,Neutral,Sheet10,0,0.0002031476297055,0.0003822947168789,0.0005605840283617,0.0005869209569234,0.0002337879138776,0.0003472218906686,0.0003247382735653,0.0002290696974465,0.000138418264943,0.0001433870766575,-0.000976129191688,0.00083686513576,-0.0009852334254667,0.0004995513427937,-0.0011874574058967,0.0006392105535622,-0.0006501282680082,0.0024219286058446,-0.0005707307925567,0.001840368523167,6.989040421954416e-07,0.0003977792060564,0.0005518795451444,0.0011291720944847,0.0001711663504673,0.0006593178974378,-0.0002652114133035,0.0004490466846195,-0.0005161913896612,0.0003878040510186,0.0004604247629954,0.0002417020294369,0.0004053582409694,0.0002358341381653,8.887887716188857e-05,0.0002477848538901,0.0001931661271506,0.0001678870671043,0.0002941234079388,0.0002765358629049
0.0003219223587481,0.0004356822036865,0.0002829745929622,0.0002886087010791,0.0001070550650654,0.0003488655080564,-3.2550025807719404e-05,0.0003461285587067,9.035002436583253e-05,0.0004846666906837,-0.0008097806695867,0.0004338873382456,2.3585506796879143e-05,0.0003168260865284,-0.0003357254541124,0.0003214127046149,0.0022275530957997,0.0015864781967869,0.0017123951018925,0.0015706852153034,-0.0002066633533346,0.000212610709198,-0.0002852343009389,0.0002454789105094,-0.0001305758618753,0.0002587813559587,-4.975005207571604e-05,0.0002254623824542,-8.70652746397305e-05,0.0001699491025756,-0.0010817062784827,0.0007399458987264,-0.0005697675950848,0.0004232270762082,-7.737874129098395e-05,0.0002382238456961,-0.0003220525558752,0.0003128803088256,-0.0003674469549921,0.0002854785401812,Neutral,Sheet11,0,-0.000145086912622,0.0004095128835963,0.0001283505795687,0.000366178086972,0.0002913711667723,0.0004212520804846,0.0001851404913207,0.000420546453518,-3.092925530382291e-05,0.0005167234431443,0.0009097551469782,0.000508094765222,-6.643032709204358e-05,0.00034215076991,0.0003134450522075,0.0004054464047535,-0.0029394283536993,0.0020827918160417,-0.0023752381898375,0.0021081326314807,0.0002473849833236,0.0002691817405883,0.000223711521929,0.0002870375139633,3.906840558316922e-05,0.0002641499677136,-7.87679303638055e-05,0.0002345551356018,9.729181523033098e-05,0.0002062077569518,0.0009572904933992,0.0006780292140667,0.0005199392663369,0.0004279572764147,0.0002601253524753,0.0003042628669386,0.0003698777830027,0.0003887802504549,0.000322990644943,0.0003403361546473
9.040425644439518e-05,0.0001728739460951,7.078693747542836e-05,0.0001293867290838,6.194445708602573e-05,0.0001416265816418,-0.002555962524403,0.0016198870839487,-0.0001047792922727,0.000231532695908,0.0009247522862309,0.0004296153656734,-0.0001463491038292,0.0001229152984207,0.000233822555336,0.0003041132795688,0.0004208760218945,0.0002768822237204,0.0004405961916422,0.0003160429500241,-0.000127131515636,0.0007321639641181,-0.0001950487799651,0.0005288606551975,5.324976464374575e-05,0.0004586058693483,0.0007105803155959,0.0005955585849747,0.0002539905804295,0.0005076568362977,0.0006008169648274,0.0002938872838389,5.679339881374101e-05,0.0001661031802881,-3.329670567581955e-05,0.0001576057928793,-2.3858800349644812e-05,0.0001989571124214,7.014297317273227e-05,0.0002255874683178,Neutral,Sheet12,0,-0.0001682375803089,0.0002036108580888,-0.0001758227466974,0.0001585390379106,-0.0001061984671435,0.0001568975924405,0.0032536067602105,0.0020219655910433,2.63449532015843e-05,0.0002818807897636,-0.000854417659314,0.0003963339962899,0.0001865164318227,0.0001455195273519,-5.429861131721545e-05,0.0003254508729249,-0.0003830890415354,0.0003144171232119,-5.709612719630988e-05,0.0003141438801097,0.0005107728167988,0.000949484856912,0.0005629257009209,0.0006718177496267,0.0002054231125365,0.0005736260390394,-0.0006816027569102,0.0007329601941655,-3.850080101962733e-05,0.0006023076375197,8.109324214437203e-06,0.0002021475814475,0.0003304098865418,0.0001824327815338,0.0004324044421965,0.0002111999636973,0.0004694470513903,0.0002141661767619,0.000273136186528,0.0002204326206946
-0.0004667243484594,0.0001790201164824,-0.0005046807350633,0.0002074468583768,-0.0005664287312735,0.000253330496075,-0.0005423120170193,0.0002236508655453,-0.000379237984995,0.0001676772716078,0.0009282610531788,0.0007450935044784,0.0008161004606856,0.0006090521926009,0.0009196633349177,0.0007975725320376,0.0018437375931062,0.0011537927032544,0.0011778869335785,0.0010828464164235,-0.0006223055967865,0.0002573505855439,-0.0005855602099164,0.0002555367998374,-0.0005872133748981,0.0002386788115439,-0.0005002414696101,0.0001885542502723,-0.0003918418288516,0.0001636315430948,-0.0001793093553875,0.0001272427258438,-0.0001528277579237,0.0001281161936152,-8.160610297535283e-05,0.0001470685239253,-0.000183614713945,0.0001394016612284,-0.0002305703748568,0.000142171371011,Neutral,Sheet13,0,0.0008244727333902,0.0003332768234814,0.0007317615018936,0.0003236880073479,0.0007271857405899,0.000384370688819,0.0006374168238458,0.0003577000547805,0.000560960934856,0.0002584744920243,-0.0007121396422793,0.0008513037249572,-0.0005493396703804,0.0005407604752473,-0.0007848025504745,0.000878983104059,-0.001706194705513,0.00130375552501,-0.0009898880250029,0.0012812113317653,0.0008469845466423,0.0003099669495537,0.000828844181907,0.0003038884186555,0.0007832611243056,0.0002764851045669,0.0006280123849633,0.0002283282602134,0.0005418351786015,0.0002072189846737,0.0004752388879874,0.0002575814414836,0.0004682468322856,0.0002625172818402,0.0003831504291033,0.0002505480539869,0.0005527013874966,0.0003130151490215,0.00068527691281,0.0003314026740096
-9.67452584413558e-05,0.0001579514497139,-0.0001533081323808,0.0001638865857905,-8.855414135817617e-05,0.0001628188913131,-0.0003068183054808,0.0001635854684434,-0.0001888034825217,0.0001648455826588,-0.0002375548873301,0.0009648637068186,0.0010086558988407,0.000863728139885,-7.296392167224085e-05,0.0003818966012146,0.0002734040818107,0.0003289271135773,0.0001434198241486,0.0004158746153827,0.0001967259712709,0.0003591043557033,0.0001326641875438,0.0003588217028546,7.035750184488464e-05,0.000409022870493,2.8335009826537638e-06,0.0003398533440697,6.476795711492303e-05,0.0002702034518466,-0.0004072719738775,0.0002428962504671,0.0002850329658374,0.000628129164028,0.0004843263418416,0.0009814644588269,-0.0005954102015334,0.0002420890217192,-0.0006783774172161,0.0003471781109086,Neutral,Sheet14,0,7.791409506025075e-05,0.0001920406972199,0.0002936915715051,0.0001683615288734,0.0002188425478559,0.0001440161146012,-2.6418176379697204e-05,0.0001710218958252,6.250060720581639e-05,0.000171181634872,0.0001192466949167,0.0011654947259037,-0.0012407493087461,0.001112032806711,0.0001875515543237,0.0004884360107346,-0.0003327500318767,0.0003956535835992,-0.0002257971220271,0.0005232871550741,-0.0001833775646339,0.0004848443852444,0.000115028839488,0.0004783578908979,0.0003181535636074,0.0005137960270697,0.0002535461122562,0.0004566324454642,0.0002240131678762,0.0003968205155407,0.0005936465045796,0.0002311379834965,0.0005535948952131,0.0003309488589968,0.0004217275047107,0.0004417378595983,0.0006419239652348,0.0002884196988687,0.0004225429829512,0.0004220265998929
-0.0003868286925157,0.0003290894991902,-0.0002991635980411,0.0002862394785484,-0.0002584129974268,0.0002750240098085,-0.0002521491224829,0.0002584174610196,-0.0003596912080131,0.0002947141072397,-0.0004112551136749,0.000780459731004,-0.0001783496787015,0.0004229679302904,-0.0007289555531065,0.0006539575868544,-0.0005805176277008,0.0004674314315448,4.375155150584952e-05,0.0006059879576374,6.949780582886806e-05,0.0001524600908672,0.000154470649601,0.0002441883567847,0.0001584681467471,0.0002279671271337,0.000132666401831,0.000195286604096,7.401359038981168e-05,0.000153809735948,-2.799633504030961e-05,0.000189718124236,-9.466281859952976e-05,0.0005092060878365,-0.000733794079621,0.0007603830313017,-0.000145898860681,0.0005047635479437,-0.0004391601767341,0.000464195020755,Neutral,Sheet15,0,0.0003940456331293,0.0003250348013083,0.0004027039586249,0.0002945479053948,0.0004935287966686,0.0002984629664755,0.0003641623547211,0.0002811166572376,0.0005324991712893,0.0003206713383532,0.0006689681457359,0.001061866650856,0.0003325935935688,0.000373215493854,0.001134304430757,0.0008782001578476,0.0009452285439364,0.0006042934666122,6.569248180295964e-05,0.0006965937969363,-8.779784736822947e-05,0.0002059424922684,-0.0002472806690277,0.0003136369324506,-0.0001621918073574,0.0002727913126801,-8.736934887014306e-05,0.000213022852311,5.385792097959668e-06,0.0001724405213878,0.0001190583140106,0.0001969682169107,0.0004259058083045,0.0003407931881391,0.0007653264213784,0.000612964167188,0.0002863846974901,0.0005195570052861,0.000544733632015,0.0004626332878907
0.0002105052915643,9.695848208680522e-05,0.0001742185787936,7.470595763809524e-05,0.000181428772133,8.015316826453706e-05,0.0001276086479489,5.656966801201769e-05,0.0002793676620527,0.0001225261593383,0.0001380010605872,0.0001271791406461,-4.8011550778265625e-05,0.0001047200832701,-0.0001151256066233,8.56155324874357e-05,-0.0001885860463613,8.485189203738725e-05,-0.000108775969914,0.0001085384114747,-0.000460291084144,0.0004892857057328,-0.0014017849796393,0.0007574193379079,-0.0008712018927105,0.0007343480971299,-0.0008922710508171,0.0006282836058976,-8.205961755683946e-05,0.0002313279358331,2.391547292391476e-05,0.0001148583711194,9.357933862502663e-06,0.0001038769332487,2.1042811179728924e-05,8.59602379832255e-05,-0.0003718461449522,0.0007561569366224,0.0041263932436648,0.0023365866477466,Neutral,Sheet16,0,-0.0002060271214816,0.0001109741614283,-0.0001195191238926,6.850288691876968e-05,-0.0001218309523249,6.288251958455492e-05,-0.0001317834819079,0.0001030611616932,-0.0003562639042652,0.0002013431300443,-0.0001523940758051,0.0002063901947291,-5.7138807308808055e-05,0.0001520952026606,1.6536230402152546e-05,0.0001276445333177,0.0001938333821139,9.140110630615796e-05,4.182544404766631e-05,0.0001382231789452,0.0006554887652995,0.0006420843336213,0.0019627336545564,0.001059265061073,0.0012838664019529,0.0010189574213421,0.0012761423193785,0.0008476372239573,0.0001263098187307,0.0002823537162535,-1.927251704469605e-08,0.0001399239335202,4.3138846318773904e-05,0.0001275913534635,-3.2318120915958416e-05,0.0001085382525663,0.0004568521026354,0.0009985488468064,-0.0030205609660324,0.0018103061823846
0.0005352886269237,0.0001912712652908,0.0004799124759997,0.0001291956833488,0.0003831650092587,0.0001349800995657,0.0004156360240128,0.000172683523797,0.0002532040891713,0.0002548826703069,-0.0004428793824453,0.0007608424223158,-0.0008552184426543,0.0005210873112448,0.00236732041109,0.0013329341437108,-0.0008396996570039,0.0014147384891613,-0.000676568500931,0.0010613735672873,-0.0003612416159749,0.0003233603859616,6.202066072528962e-05,0.0001636285086837,-0.0003104757887014,0.0002633900951171,-0.0002317871477634,0.0002070181558654,-0.0002289444610708,0.0002212913937476,-0.0015299209894467,0.0011556500410466,0.0005479627297917,0.0011164768306512,1.926866474201488e-05,0.0007308258655502,0.0004196181718723,0.0002286204469998,0.0007723986122847,0.0003851966867201,Neutral,Sheet17,0,-0.0002391761305513,0.0002308468889295,-0.000378403571211,0.0001523725268623,-0.0003615888169766,0.0001432021691789,-0.0003599229699028,0.000175246980378,-0.0002567010639392,0.0002474266068749,0.0007602420910726,0.0007090394525183,0.0005800813497194,0.0004811666443253,-0.002592349607355,0.0015177349419515,0.0009992663106637,0.0017376166131488,0.000842142451715,0.0013428331094289,0.0006324142283632,0.0004377186040458,0.000446773412669,0.0003455520181751,0.0002105566567943,0.0002414003420814,0.0003723724416472,0.0003140033762444,0.0003515277700754,0.0003193319036422,0.0012947196332498,0.0011988946596782,-0.0010171464627083,0.0014396288752507,0.0006219558064575,0.0005717005189266,-0.0005463183807891,0.0003161187373504,-0.0009972753261489,0.0005099771639097
-1.1772019045451858e-05,5.031155292682985e-05,0.0010270209828318,0.0003076643461104,-4.9827396670098816e-05,0.0001193213699585,5.615020293564977e-05,0.0001407891781686,-3.134642888636296e-05,0.0001116698208903,8.836054733890926e-05,0.000221421004726,0.0001135352282842,0.0001616262578375,5.037411059565639e-05,0.0001255937782638,0.000152191795306,0.0001283983668027,0.0002346484245594,0.0001637041024454,-0.0010906252674802,0.000759542179188,7.572931942603216e-07,0.0005920124977573,-0.0011582451325599,0.0005864194133033,-0.0003094098405479,0.0004456052759129,-0.0009729831079388,0.0003922658447698,0.0004814532871752,0.0008450198063714,0.0002315747213891,0.0005165089132218,0.000365111156369,0.0002771006501212,0.0002501475355069,0.0001649980596102,0.000231801276312,0.0001205601550271,Neutral,Sheet18,0,2.0679971152379407e-05,9.878899312442387e-05,-0.0012583597725681,0.0003393277604917,-0.0003290437151243,0.0001605942134371,-0.0003184776834769,0.0001780297766646,-0.0001104715004145,0.0001884425441765,-7.478331083242552e-05,0.0002599271112344,-5.862794782755394e-05,0.0002238828111986,-6.331770187075313e-05,0.0002442657039994,-0.0001528927482478,0.0001698938519258,-0.0001138751043634,0.0001724308758491,0.0010241083885018,0.0009175459222064,-0.0002382333775368,0.0008477986960859,0.0013981487529234,0.0008904877686626,0.0002915574133795,0.0006015465883588,0.0011329013315296,0.0005020539857888,-0.0004459976820968,0.0005091256037301,-0.0004875311049748,0.0003082528759901,-0.0006003425486836,0.0002845025362062,-0.0002586765806491,0.0001512235780389,-0.000118876536601,7.543364754497208e-05
-9.176111422614846e-05,0.0006079333653736,-0.0001104764447818,0.0005556336501019,-0.0002663067757675,0.0007246530770186,-0.0004698642686325,0.0006850114378752,7.65826025391959e-05,0.0001483786403796,0.0001365705247064,0.0001322949843878,0.0008392136528272,0.0005458979726794,-0.0013592347987744,0.0005782975203783,-0.0013025266330905,0.0005927026219953,-0.0014677113505436,0.0005737395451733,-0.0002964274868892,0.0004926826555171,-0.0003112694903345,0.0004093280085458,-0.0004389453826589,0.0003834234909194,-0.0004781790781804,0.0004423079693276,-0.00024049618973,0.0005236221857956,0.0010510560959935,0.0017787501484089,0.0005897150547872,0.0012616501289386,-0.0008767190468903,0.0007391973250675,-0.0008983210360496,0.0003365550179325,-0.0005399575702635,0.0002318304784901,Neutral,Sheet19,0,-0.0007860025890934,0.0011570938852674,-0.0006305370375604,0.0009631582877125,-0.0008159522133842,0.0011379073201795,-0.0006808666301742,0.0010834538361053,-4.639504948390306e-05,0.0001624560712089,-0.0001255951950028,0.000166066493069,-0.0004545637590777,0.0003924144170527,0.0009280400019679,0.0004681271673798,0.0010995401531867,0.0005881660868169,0.0011602497768635,0.0005489674660778,0.0001453902548065,0.0004959302219646,-0.0002532554697947,0.0004842652044898,-0.0001404454229161,0.0004488768507995,-0.0001788744471998,0.0004705335945738,8.407523314372676e-05,0.0005660938180458,-0.0013574058615887,0.0021491962632687,-0.0006966253960175,0.0016440658385825,0.0012149426704466,0.0007120841365596,0.0010947200871717,0.0005443907443173,0.0005103988589942,0.000297671346449
-0.000168686858495,0.0002178040017491,0.000116556098842,0.0016033008897711,-3.547526223882623e-05,0.0001210322559458,-0.0001785723813957,0.0001914476231213,0.0001785626508358,0.000170667123962,9.773972196960483e-05,0.000151862901385,-0.0001602476961579,0.0001510105026429,-0.0002606240195385,0.000185837809061,4.187222419889573e-05,0.000318493278256,-0.0001979490769933,0.0001484808146481,-0.0002387909134662,0.0001963879950053,-0.0001636352068759,0.0001586952698962,0.0001024825466266,0.0002025116989883,-3.998879512504353e-06,0.0002409617800796,8.011541961934821e-05,0.000191754892697,-1.454534154795409e-05,9.720413502208328e-05,5.18417791849056e-05,8.18702662226986e-05,-5.761221981620258e-05,8.894346126395778e-05,8.39700692004926e-05,0.0001098280603267,-0.0001585288379581,0.0001367228624603,Neutral,Sheet20,0,0.0001290586029119,0.0002733625991615,-0.0003197517352503,0.0019855163718977,9.13962023094055e-05,0.0001439952612309,0.0001602896510721,0.0002420457855073,-0.0001836070591386,0.0001962439134447,-6.599559539486894e-05,0.0001828401546874,6.965601219386949e-05,0.0001832123755938,0.0002357460927376,0.0002087204538457,-0.0001961570682581,0.0003770430837382,0.0002496529930489,0.0001797357502181,0.0003252492433838,0.0002456026018312,0.0002062180490706,0.0002101343659549,-0.0001862372974347,0.0002477779113242,6.169617852413352e-05,0.0003001063309578,-0.0001062306818131,0.0002348082242928,4.505954834428708e-05,0.0001164110798094,-4.8584457573887534e-05,9.405789918400504e-05,9.159288932027804e-05,0.0001077528399504,-8.079889777757523e-05,0.0001228151606161,0.0002100649293908,0.0001697949886783
-0.0002785787203963,0.0010175968291274,0.0017864304681531,0.0020474747214773,-0.0001915476910658,0.0009726450555508,0.0002745365218766,0.0002558026414721,5.071914923236172e-05,0.0003331247788547,-0.0010383672373825,0.0017151223122242,0.0003471980089206,0.0006775370077598,0.0005092304672582,0.0006591968904054,0.0002387343056482,0.0004854089793498,0.0001752764060389,0.0005741187454812,-6.292403776189155e-05,0.0002689535165863,0.000433311841054,0.0006496324255366,0.0002257253885971,0.0002736493468696,0.00014327006367,0.0006592935934868,0.0004075095720186,0.0008248674590439,-0.0008028122266025,0.0026946099751637,-0.0004385138241782,0.0030643833411393,-0.0005536060697122,0.002957366636045,-0.0002347902624625,0.0031089586115987,-0.0025856859835597,0.0032394550814447,Neutral,Sheet21,0,0.0003139766265073,0.001251207075012,-0.0023131083488409,0.0026271286948344,0.0002510482528456,0.0012657834876714,-0.0003250926750476,0.0003341160146759,-0.0002416715989121,0.0003873263267017,0.0011450352669288,0.001412148391025,-0.000219300754178,0.0007019691354068,-0.0002898741491901,0.0006622911332381,-7.445485565401321e-05,0.0005021885925002,1.1781985461682624e-05,0.0005211725268014,-8.915415216472541e-06,0.0003188045430036,-0.0007401479640855,0.0008957791651466,-0.0003289982165532,0.0003496213376336,-0.0001369569068571,0.0008902813347677,-0.0005972289957792,0.0010531562250228,0.0002733581627092,0.0017275284246746,0.0002252710675241,0.0021220004399326,6.618711449285794e-05,0.0021542264852858,-2.88273165655626e-05,0.0021950347431606,0.0025258003528523,0.0024272026991296
