Hb_mean_channel_1,Hb_std_channel_1,Hb_mean_channel_2,Hb_std_channel_2,Hb_mean_channel_3,Hb_std_channel_3,Hb_mean_channel_4,Hb_std_channel_4,Hb_mean_channel_5,Hb_std_channel_5,Hb_mean_channel_6,Hb_std_channel_6,Hb_mean_channel_7,Hb_std_channel_7,Hb_mean_channel_8,Hb_std_channel_8,Hb_mean_channel_9,Hb_std_channel_9,Hb_mean_channel_10,Hb_std_channel_10,Hb_mean_channel_11,Hb_std_channel_11,Hb_mean_channel_12,Hb_std_channel_12,Hb_mean_channel_13,Hb_std_channel_13,Hb_mean_channel_14,Hb_std_channel_14,Hb_mean_channel_15,Hb_std_channel_15,Hb_mean_channel_16,Hb_std_channel_16,Hb_mean_channel_17,Hb_std_channel_17,Hb_mean_channel_18,Hb_std_channel_18,Hb_mean_channel_19,Hb_std_channel_19,Hb_mean_channel_20,Hb_std_channel_20,Condition,Participant,HbO_mean_channel_1,HbO_std_channel_1,HbO_mean_channel_2,HbO_std_channel_2,HbO_mean_channel_3,HbO_std_channel_3,HbO_mean_channel_4,HbO_std_channel_4,HbO_mean_channel_5,HbO_std_channel_5,HbO_mean_channel_6,HbO_std_channel_6,HbO_mean_channel_7,HbO_std_channel_7,HbO_mean_channel_8,HbO_std_channel_8,HbO_mean_channel_9,HbO_std_channel_9,HbO_mean_channel_10,HbO_std_channel_10,HbO_mean_channel_11,HbO_std_channel_11,HbO_mean_channel_12,HbO_std_channel_12,HbO_mean_channel_13,HbO_std_channel_13,HbO_mean_channel_14,HbO_std_channel_14,HbO_mean_channel_15,HbO_std_channel_15,HbO_mean_channel_16,HbO_std_channel_16,HbO_mean_channel_17,HbO_std_channel_17,HbO_mean_channel_18,HbO_std_channel_18,HbO_mean_channel_19,HbO_std_channel_19,HbO_mean_channel_20,HbO_std_channel_20,Cluster,Workload
-0.000106311,0.00019166,6.28e-05,0.000167558,7.56e-05,0.000152041,-0.000166177,0.000251636,0.001470944,0.000682829,3.26e-05,0.000207935,-0.0001285,0.00013039,-0.000362106,0.000424696,-8.25e-05,0.00032699,-0.000226079,0.000409206,-0.000333156,0.000179498,-7.32e-05,0.000126253,6.17e-05,0.000136846,-1.04e-05,0.000276901,-0.000392476,0.000288749,-7.3e-05,0.000114405,-0.000156577,0.000118244,0.000522956,0.000315152,0.000170654,0.000380322,0.000672852,0.000406064,Incongruent,Participant 1,0.000189496,0.000217114,-5.55e-05,0.000200495,-4.26e-05,0.00022234,0.000183601,0.000318439,-0.00151521,0.000866711,3.75e-05,0.000234054,0.00013026,0.000152049,8.02e-05,0.000353519,-1.88e-05,0.000295152,0.000156917,0.00038445,0.000452769,0.000184596,0.000163806,0.000189345,3.41e-05,0.000213539,0.000133309,0.000241136,0.000455574,0.000339084,3.43e-05,0.00013796,0.000134003,0.000142953,-0.000297911,0.000321805,1.7e-06,0.000367212,-0.000576512,0.00041256,1,Mid
-5.02e-05,9.28e-05,-0.000157449,0.000111868,-0.00015258,0.000100289,-7.97e-05,7.57e-05,-4.48e-05,5.9e-05,-5.69e-05,0.00040669,-0.000634686,0.000363181,-0.00015858,0.0005168,-0.000536304,0.000516194,-0.000635763,0.000835209,0.000437297,0.000643784,-0.000210343,0.000499402,-0.000236,0.000514888,0.00168698,0.001829088,-0.000361127,0.000497289,0.00042897,0.001679262,-0.000872317,0.001306835,-0.000640968,0.001189216,-0.001289252,0.001160659,-0.000431732,0.000898263,Incongruent,Participant 2,-0.000233963,0.000186989,-0.00010435,0.000135364,-0.000189559,0.000209794,-0.000314416,0.00021352,-0.000329949,0.000208013,-0.000290955,0.000458402,0.000454153,0.000520101,-0.000386019,0.000666647,0.000133852,0.00056674,0.000217023,0.000879831,-0.000751748,0.000625022,-0.000189124,0.000549159,-0.000162248,0.000564033,-0.001951227,0.002277323,-8.08e-05,0.000503158,-0.000591237,0.001306677,0.00054447,0.000959507,0.000450475,0.000896157,0.000856546,0.000955073,0.000199251,0.000814141,2,High
0.000107098,5.75e-05,0.000137038,8.82e-05,0.000306225,0.000164111,0.000258709,9.14e-05,0.000197801,8.27e-05,7.9e-05,0.000324799,0.000243999,0.00015657,-7.33e-05,0.000259362,-0.000960565,0.000558839,-0.001721629,0.00066072,7.08e-05,0.000113191,0.000116797,8.98e-05,0.000176867,0.000277822,0.000423613,0.000195752,0.000425651,0.000288478,-0.000366565,0.0003803,-0.002920274,0.001249013,0.001263204,0.001013371,7.73e-05,5.13e-05,5.81e-05,4.7e-05,Incongruent,Participant 3,2.92e-05,0.000112852,-7.08e-05,0.000192724,-0.000124417,0.000108654,-0.000195049,0.00010165,-0.000105489,9.76e-05,-3.48e-05,0.000361361,-0.000305635,0.000189159,2.98e-05,0.000276127,0.001083737,0.000648344,0.002005996,0.000804446,-6.15e-05,9e-05,-0.000120705,0.000163271,-0.000168357,0.000120124,-0.000477343,0.000164091,-0.000528117,0.000237449,0.00056386,0.000498004,0.003865787,0.001648466,-0.00124677,0.000871056,-0.00036861,0.000117603,-0.000254913,8.15e-05,1,Mid
-0.001730483,0.003278227,-0.001091253,0.000937445,-0.000744374,0.000848719,-0.000548733,0.000718657,-0.002350916,0.001427534,0.001608294,0.000951246,0.000776086,0.00064954,0.000597684,0.00060873,0.000349483,0.000589657,0.000309929,0.000626215,-1.15e-05,0.000470909,0.00020344,0.000328642,-7.8e-05,0.000235364,0.000328689,0.000467608,-2.79e-05,0.000412439,0.000695644,0.002397075,-0.002641286,0.002692021,8.76e-05,0.001556095,-0.002817411,0.003319071,0.00416288,0.001936914,Incongruent,Participant 4,0.002224594,0.003411735,0.001904981,0.001089063,0.001259234,0.00089312,0.000746541,0.000757856,0.002749772,0.001587759,-0.000859319,0.000710967,-0.000220583,0.000527924,-0.00023249,0.000547878,-9.26e-06,0.000629079,-6.82e-05,0.000607712,0.001023538,0.000478862,0.000424193,0.000355106,0.000565107,0.000318493,0.000790416,0.000378681,0.001261372,0.00063465,0.000520379,0.002939184,0.003548981,0.003075975,0.000921646,0.001864163,0.003089718,0.003934869,-0.002529342,0.001783448,2,High
0.000483225,0.000436618,0.000452782,0.000465485,0.000409628,0.000371729,0.000461656,0.000365151,0.000589125,0.000406774,0.000452041,0.000447036,0.000729097,0.000352397,0.000381475,0.000350934,0.000547338,0.000388464,0.00133996,0.000668798,-1.86e-05,0.000253776,5.53e-05,0.000165159,0.000172313,0.000284987,0.000164008,0.000258917,-8.56e-05,0.000137736,0.000338605,0.000705672,0.001310353,0.000381371,0.000440296,0.000338618,9.68e-05,0.000119358,3.27e-05,6.09e-05,Incongruent,Participant 5,-0.00057995,0.000478912,-0.000604299,0.000400484,-0.000469792,0.000362571,-0.000448043,0.000372624,-0.000584706,0.000411142,-0.000345088,0.000535671,-0.000634967,0.000346687,-0.000350581,0.000355689,-0.000448907,0.000442627,-0.001555118,0.000855275,-6.9e-05,0.000280735,-0.000150686,0.000311136,-1e-05,0.000262377,-5.71e-05,0.000243526,7.25e-05,0.000244643,-0.000169543,0.000530836,-0.000616455,0.000248176,4.69e-05,0.000162537,0.000319982,0.000256563,7.36e-05,0.000173384,1,Mid
0.000312239,0.000154297,0.000306344,0.000134179,0.000208024,0.000125916,4.51e-05,0.000153011,0.000229567,0.000222301,0.000203243,0.000280541,0.000182266,0.000189303,0.000431853,0.000223783,0.000347548,0.000222777,8.46e-05,0.000189127,-0.000419267,0.000253866,-9.2e-05,0.000184613,-0.000300923,0.000180822,-0.000153811,0.000171104,-0.000276306,0.000197238,9.06e-05,0.000111323,0.000184509,8.58e-05,6.96e-05,0.000133117,0.000151384,0.000213255,-0.000423677,0.000179504,Incongruent,Participant 6,-0.000216724,0.000151673,-0.00014927,0.000116987,-8.72e-05,0.000119221,3.8e-05,0.000136551,-1.36e-05,0.000215688,-6.61e-05,0.000318694,-0.00011815,0.000217795,-0.000390187,0.000257252,-0.00024586,0.000260613,-1.32e-05,0.000212116,0.000535598,0.000324731,0.00015356,0.000236099,0.000374208,0.000239514,0.000186706,0.000216492,0.000352259,0.000253336,-8.92e-05,0.000134635,-0.000130589,9.83e-05,1.8e-05,0.000139127,0.000238416,0.000210904,0.000632448,0.000268512,1,Mid
0.000340203,0.00011502,0.00036809,0.000114726,0.000319995,9.85e-05,0.000318807,0.000128844,0.000255384,0.000108123,0.000445068,0.000748476,0.00070406,0.000490988,-3.33e-05,0.000888066,-0.00042553,0.001531921,0.000231779,0.002224512,-0.000209288,0.000201568,-0.000271944,0.000277103,-0.000344893,0.000307394,-0.00036974,0.000268121,-0.000196582,0.000158677,-0.000615424,0.000309121,-0.000354218,0.000189162,-0.000168779,0.000178246,-0.000221675,0.000166911,-0.000381104,0.000212141,Incongruent,Participant 7,-0.000173003,0.000158085,-5.29e-05,0.000126912,-0.000108007,9.73e-05,-0.000120875,0.000111773,-0.000125809,0.000106726,-0.000316512,0.000942697,-0.000576894,0.000592781,6.62e-05,0.001174008,0.000586167,0.002025222,-0.000247883,0.002937937,0.000285842,0.00021306,0.000377861,0.00030008,0.000494735,0.000339672,0.000450425,0.000264625,0.000304364,0.000194774,0.000507377,0.00028861,0.000168113,0.000215073,-1.16e-05,0.000228349,4.53e-05,0.000198571,0.000293418,0.000230121,0,Low
-9.42e-05,0.000118073,8.99e-06,0.000119868,-1.11e-05,0.000121371,-6.06e-05,7.57e-05,-0.000156015,0.000101313,-0.000245555,0.000777904,0.000218223,0.000419944,0.000189944,0.000547803,0.00150217,0.00094874,0.000900315,0.000775492,-0.000479574,0.001931906,0.001315971,0.001042512,8.41e-05,0.000875861,0.000567457,0.000849246,0.002000798,0.00120746,3.41e-06,6.14e-05,-0.000972972,0.002368012,-0.000244556,0.002793169,0.001623207,0.002523181,-6.91e-06,4.96e-05,Incongruent,Participant 8,0.000247133,0.000156718,9.47e-05,0.000134994,0.000134291,0.000129486,6.54e-05,8.85e-05,0.000131143,0.000111818,0.000215721,0.000921842,-0.000233818,0.000494327,2.86e-05,0.000644495,-0.001215117,0.000968269,-0.000537498,0.00093895,0.000541819,0.002825832,-0.001493845,0.001288766,3.98e-05,0.001112889,-0.000648637,0.001080013,-0.002493205,0.001611034,-0.000109993,7.96e-05,-0.000391655,0.001754567,-0.000812383,0.002802063,-0.003176926,0.002851606,1.21e-05,5.4e-05,2,High
0.000218012,0.000103017,0.000274911,0.000128145,0.000197192,0.000114875,0.00040733,0.000204254,0.000104603,7.37e-05,-0.000169937,0.000349466,0.000142053,0.000206378,0.000170057,0.000357224,0.000210473,0.000202282,-0.000255837,0.000665596,-0.000892823,0.00086614,-0.000273507,0.000641535,-1.25e-05,0.000831041,-0.0001585,0.000640931,-0.000112914,0.000384919,-4.22e-07,9.17e-05,-2.03e-05,0.000117621,0.000151688,0.000168747,-0.000125052,0.000192759,1.05e-05,0.000113311,Incongruent,Participant 9,0.000734027,0.00037414,0.001168041,0.000516198,0.001102484,0.000457975,0.000671432,0.00026461,0.000238111,0.000150451,0.000195829,0.000430673,-7.69e-05,0.000240124,-0.000140424,0.000408264,-0.000257512,0.00022655,0.000151749,0.000747811,0.001089144,0.001065885,0.000429273,0.000824832,7.2e-05,0.001048509,0.00029456,0.000813559,8.67e-05,0.00049648,-0.000115644,0.000183645,1.09e-05,0.000135359,-0.000159407,0.000203028,5.81e-05,0.000211247,0.001217552,0.000531397,1,Mid
8.84e-05,0.000181848,-9.72e-05,0.000184679,3.14e-05,0.000111353,0.000120265,4.96e-05,-2.6e-05,5.18e-05,-4.89e-05,0.000545168,-0.000875804,0.000738106,-0.000533233,0.000586392,0.002101867,0.001880858,0.00183603,0.001877769,-0.000194854,0.000239134,-0.000562773,0.00049789,-7.93e-05,0.000242726,1.61e-05,0.000225756,1.99e-05,0.000214994,-0.000591061,0.000170896,-0.001065981,0.000282704,-0.000316381,0.000233055,-4.31e-05,0.000184048,-0.000171156,0.000199445,Incongruent,Participant 10,0.000146127,7.91e-05,0.000238301,0.00020309,7.84e-05,9.08e-05,-0.000136157,8.61e-05,-2.08e-05,6.85e-05,-8.58e-05,0.00068058,0.000844461,0.000860974,0.0003896,0.000709567,-0.002850676,0.00245837,-0.002373118,0.002448152,0.000350934,0.000317877,0.000726407,0.00082621,0.000486898,0.000574598,8.78e-05,0.000298972,8.09e-05,0.000259353,0.000605479,0.000191309,0.000919333,0.000208898,0.000276397,0.000231409,0.000128951,0.000169203,0.000306995,0.000263764,0,Low
-9.98e-05,0.000739114,-0.000154828,0.000845141,-4.8e-05,0.000792697,5.26e-05,0.000716977,0.000265751,0.000773925,0.000424513,0.000538364,0.000412685,0.000384856,0.000364843,0.000446058,0.000639358,0.001895172,0.000204899,0.001526603,0.000567135,0.000233267,0.00067153,0.000331184,0.000650545,0.000360546,0.000625845,0.000277596,0.000418148,0.000156183,0.000756312,0.000788674,0.000849666,0.000312836,0.000168273,0.000139665,0.000550228,0.000227832,0.000617893,0.000291161,Incongruent,Participant 11,-1.39e-05,0.000824124,-0.000202637,0.000845082,-0.000294523,0.000957693,-0.000278782,0.000868347,-0.000332765,0.000961191,-0.000641365,0.000566409,-0.000596162,0.000383541,-0.000550618,0.000553588,-0.000892034,0.002497721,-0.000280476,0.002004417,-0.000752239,0.000286713,-0.001046782,0.000436372,-0.00114543,0.000468667,-0.000921938,0.000333768,-0.000514791,0.000210049,-0.000903966,0.000634206,-0.001026349,0.000360011,-0.000243682,0.000146784,-0.000754965,0.000322857,-0.000707878,0.000358909,0,Low
0.000308473,0.000243347,5.74e-05,0.000123538,0.000114298,0.000102198,-0.001205249,0.001136938,-8.99e-05,0.000235028,0.000353182,0.000328223,0.000132073,0.00014056,0.000476894,0.000500091,0.000654789,0.00037957,0.000167774,0.000272595,0.002413872,0.001027294,-0.000186073,0.000525491,-0.000259916,0.000539477,-0.000519523,0.000417118,0.000215766,0.000594136,0.000409951,0.000407158,0.0004701,0.000379986,0.000303741,0.000283817,0.000268637,0.000285185,0.000212132,0.000304751,Incongruent,Participant 12,-0.000240794,0.000268387,-4.11e-05,0.000147223,-0.000133225,0.000119677,0.001392593,0.001419267,0.000131629,0.00027574,-0.000242999,0.000340197,-0.000181776,0.000161189,-0.000153967,0.000445766,-0.000571576,0.00037567,8.7e-05,0.00028025,-0.003033158,0.001325428,0.00030924,0.000679543,0.000349623,0.000704415,0.000686521,0.000545762,-0.000119831,0.000767536,-0.000121282,0.000429492,-0.000160221,0.000414075,-0.000117534,0.000311726,-8.65e-05,0.000317857,-7.85e-05,0.000346852,1,Mid
0.000134206,0.000111825,0.000106111,0.00013148,3.88e-05,0.000125329,7.42e-05,9.4e-05,7.01e-05,6.39e-05,0.001197924,0.000479013,0.00050132,0.000473313,0.002343568,0.000706327,0.001981775,0.000947392,0.001724752,0.000793226,-0.000118266,0.00011384,-0.000180342,0.000152979,-0.000216983,0.000146521,-0.000180086,0.000104634,-7.39e-05,7.22e-05,0.000211096,0.000168373,0.000124801,0.000130798,0.000136283,0.000123743,0.00011451,0.000127098,0.000210758,0.000176379,Incongruent,Participant 13,0.000137936,0.000218329,-6.23e-05,0.000142898,7.6e-05,0.000102313,3.49e-05,9.67e-05,5.23e-05,0.000116383,-0.00129049,0.000548953,-0.000346094,0.000430431,-0.002756327,0.000794969,-0.002093273,0.00102424,-0.001789012,0.000915006,0.000159546,6.77e-05,0.000143996,0.000124906,0.000181714,0.000114696,0.000173188,0.000127552,6.58e-05,7.52e-05,-5.17e-05,0.000109749,8.13e-05,0.000125835,4.92e-05,9.95e-05,0.000108945,0.000167093,3.64e-05,0.000177835,0,Low
-0.000218426,0.000264405,6.18e-06,0.000196674,-0.000618611,0.000502365,-7.25e-05,0.00029622,0.000140099,0.00028981,0.000539787,0.001261469,-0.001134268,0.00131286,0.000321774,0.000427122,3.53e-05,0.00027018,-0.000859023,0.000497138,0.000179951,0.000414992,-2.09e-05,0.000419822,4.45e-05,0.000444024,0.000350691,0.000524558,0.000259661,0.000512367,0.000327821,0.000493848,0.001466324,0.001824098,0.001864433,0.00257142,0.000122122,0.000448993,-6.86e-05,0.000523671,Incongruent,Participant 14,-4.9e-05,0.000493304,-0.000181186,0.000387037,-0.00065484,0.000544709,-0.000400063,0.000672656,-0.000677893,0.000687521,-0.000845346,0.001178177,0.001206389,0.001393647,-0.000295203,0.00049584,-9.34e-05,0.00032698,0.001199945,0.000607618,-0.000343292,0.000635902,-0.000121993,0.000631787,-0.000265249,0.000701522,2.15e-05,0.00084562,-0.000222374,0.000527522,0.000197436,0.000391616,0.000209138,0.000472911,-0.000266287,0.001164585,-0.000151109,0.000842765,-0.000468248,0.000972494,2,High
-0.001727587,0.000752516,-0.001674732,0.0006973,-0.001810045,0.000758428,-0.001848867,0.000779968,-0.00178283,0.000794953,-0.000444483,0.001532554,-0.00150322,0.000907368,-0.000119289,0.001065161,-0.001010302,0.000904206,-0.000724674,0.000893349,-0.000378098,0.000152248,-0.000367333,0.000181298,-0.000502453,0.000216836,-0.000553296,0.000200975,-0.000618917,0.000200828,-2.81e-05,0.00020617,-0.00038588,0.000471823,-0.00146038,0.000708503,-0.000535674,0.000474339,-5.45e-05,0.000395412,Incongruent,Participant 15,0.001773514,0.000742106,0.001719247,0.000678531,0.001919751,0.000742931,0.002001448,0.000751864,0.001917594,0.000784243,0.000329609,0.001835119,0.001214024,0.000788834,-0.000124726,0.001257624,0.00103678,0.001030627,0.000551692,0.000869636,0.000433134,0.000168405,0.000476223,0.000220375,0.00054163,0.000232024,0.000629736,0.000235642,0.00063862,0.000216623,-7.29e-05,0.000249074,0.000348683,0.00044064,0.00127525,0.000728187,0.000532374,0.000544773,8.06e-05,0.0004106,0,Low
-5.11e-05,0.000107946,-0.000109565,0.000111444,-0.000220612,0.000128811,-0.000251804,0.000137864,-0.000191088,0.000122508,0.000445919,9.03e-05,0.000434251,6.88e-05,7.29e-05,6.52e-05,-0.000290525,0.000104679,-0.000125442,9.2e-05,0.000535597,0.000715925,0.000643097,0.000961609,0.00208661,0.000950524,0.000645815,0.000682785,0.000302913,0.000322064,-0.000378898,0.000156975,-0.00040925,0.000136773,-0.00032772,0.000126673,-0.002884468,0.001216336,-0.001199333,0.001973865,Incongruent,Participant 16,0.000144152,0.000188958,0.00025237,0.000158282,0.000368745,0.000134768,0.000620426,0.000150118,0.000332426,0.000183986,-0.000161431,7.81e-05,-0.000256378,7.3e-05,-2.42e-05,0.00011207,0.000465859,0.000189409,0.000268873,0.000183293,-0.000284147,0.000807087,-0.000388843,0.00115037,-0.00232732,0.001135989,-0.000445235,0.000821293,-0.000537328,0.00037457,0.000346361,0.000173686,0.000457159,0.000157489,0.000374972,0.000143606,0.003615335,0.001590279,0.000748191,0.001533766,1,Mid
0.000402386,0.000391092,0.000242705,0.000229334,0.00033946,0.000236866,0.000383881,0.000265964,0.000260349,0.000329225,0.001090354,0.001125369,0.00025762,0.000925221,-0.002989045,0.001194351,-0.000355759,0.002119379,0.001907092,0.002314506,0.000197096,0.000567207,-3.67e-05,0.000433039,0.00011112,0.000365789,0.000280251,0.000373615,0.000192558,0.0003424,0.002145412,0.000886998,0.001714277,0.001271752,-0.001094696,0.000551372,0.000168635,0.000601721,0.000497047,0.000461492,Incongruent,Participant 17,-0.00040233,0.000266095,-0.000592362,0.000296499,-0.000442964,0.000230246,-0.000229859,0.00022383,-9.79e-05,0.000223886,-0.000650392,0.000985504,0.000133527,0.000764858,0.003715696,0.001428447,0.000789726,0.002711938,-0.00201282,0.00288105,-0.000387476,0.000638613,-0.00074911,0.000561476,-0.000676634,0.000441102,-0.000556056,0.000442374,-0.0002513,0.000381134,-0.002642151,0.001062434,-0.002508395,0.001617492,0.001108183,0.00075462,-0.000329589,0.000748163,-0.000620197,0.000579601,0,Low
-3.16e-05,7.18e-05,0.000275851,0.00036969,-8.95e-05,9.1e-05,-0.000192307,0.000112085,-0.000190012,9.88e-05,-0.000746523,0.000447735,-0.000619435,0.000377918,-0.000408004,0.000302631,-0.000492038,0.000344035,-0.000538689,0.000386939,2.61e-06,0.000615826,-8.22e-05,0.000581905,0.000216908,0.000565133,-0.000183085,0.000419188,-0.000105236,0.000393649,0.000525185,0.001326027,-0.00012696,0.000564258,0.000288183,0.000209559,0.000112414,0.00016462,0.000213081,0.000176441,Incongruent,Participant 18,-0.000170138,0.000126377,-0.000196942,0.000380681,1.17e-05,0.000103073,0.000167355,0.000138755,3.16e-05,0.000118463,0.000658211,0.000560677,0.000636674,0.000482338,0.000200841,0.000350581,0.000566675,0.000440957,0.000478012,0.000443023,-0.000353017,0.000795958,-0.00031204,0.000599949,-0.00086691,0.000703909,-5.13e-05,0.000546145,-7.6e-05,0.000481798,-0.000473877,0.000853723,-0.000437634,0.000427838,-0.000554491,0.000265167,-0.00049299,0.000263218,-0.000390532,0.0002009,1,Mid
-0.00065257,0.000402703,-0.000314634,0.000208446,-0.000650309,0.000284908,-0.000839407,0.000359013,8.68e-05,0.000136918,-3.5e-05,0.000132112,0.000920552,0.000420575,-0.00016123,0.000421985,0.000951967,0.000657892,0.001008309,0.000790611,0.000202072,0.000411663,0.000188885,0.000369214,2.25e-05,0.000342389,-8.42e-05,0.000369439,0.000297469,0.000271124,0.001891657,0.001372128,0.002175028,0.001480807,-0.000389612,0.000611846,-0.000890257,0.000417915,-0.000835488,0.000404703,Incongruent,Participant 19,-0.001562097,0.000590125,-0.000701005,0.000315486,-0.000490169,0.000283557,-0.000301849,0.000248766,-6.1e-05,0.000148785,5.39e-05,0.000162802,-0.000596804,0.000335621,-0.000111124,0.00043553,-0.001482103,0.000811449,-0.001808107,0.000963603,-0.000203988,0.000455399,-0.000425558,0.000456238,-0.000312074,0.000432062,-4.68e-05,0.000441528,-0.000311088,0.00038265,-0.002406199,0.001712055,-0.002707685,0.001926624,0.000617672,0.000612023,0.00057399,0.000385202,0.00071286,0.000422584,1,Mid
-5.34e-05,0.000225457,-0.000496236,0.00119747,0.000205562,0.000109605,8.38e-05,0.000151609,2.78e-05,0.000138131,-0.000140766,0.000171643,0.000136089,0.000160288,4.32e-05,0.000205221,0.000116546,0.000330253,0.000204398,0.000149028,0.000301648,0.000200427,-0.000338874,0.000178557,-4.34e-05,0.000178675,0.000318592,0.000229812,-0.00021407,0.000193783,2.89e-05,0.000100793,-0.000115705,9.61e-05,1.22e-05,8.25e-05,2.06e-05,8.86e-05,7.95e-06,0.000117676,Incongruent,Participant 20,7.93e-05,0.000265005,0.000823965,0.00150048,-0.000268727,0.000116526,-5.85e-05,0.000187831,4.93e-05,0.000144551,0.000206933,0.000203373,-0.000120243,0.000192746,1.07e-05,0.000244913,-6.61e-05,0.000380078,-0.000210146,0.000178557,-0.000405245,0.000240563,0.000455818,0.000219548,-9.96e-07,0.000217324,-0.000424467,0.000289601,0.000223129,0.000246987,-3.73e-06,0.000118925,0.000175617,0.000117671,2.15e-05,0.000101508,-2.75e-05,9.89e-05,1.46e-05,0.000140797,1,Mid
0.001490814,0.000447318,-5.28e-05,0.001289359,0.000598953,0.000795748,-0.000382815,0.000198582,0.000186391,8.88e-05,-0.006572615,0.00286693,-0.000475893,0.000353763,0.000240068,0.000357823,0.000135566,0.000290985,-0.000412799,0.000397351,-0.000398874,0.000277977,-0.000193528,0.000780407,0.000283391,0.000262558,0.000698231,0.000737142,-0.000812414,0.000701731,-0.002890329,0.001800352,-0.003004625,0.001808769,-0.00335504,0.001651156,-0.002512588,0.001565705,-0.003072046,0.001930363,Incongruent,Participant 21,-0.000740077,0.000427378,-0.000430597,0.001671177,-0.000938277,0.001078464,0.000418684,0.000250541,-5.07e-05,0.000122566,0.006750978,0.002995416,0.001532029,0.000698635,0.000793183,0.000390122,0.000791275,0.000382428,0.001836111,0.000824612,0.000505151,0.000353438,0.000116623,0.001041046,-0.00031759,0.000336881,-0.000872342,0.000966318,0.001006632,0.000897856,0.001993769,0.001238756,0.002168637,0.00127672,0.002878278,0.001347578,0.001785687,0.001154114,0.001529971,0.001429516,2,High
-0.000205431,0.00027127,-0.000260005,0.000258259,-0.000206681,0.000213203,-0.000508759,0.000303017,0.000957753,0.00086504,-8.55e-05,0.000148541,-0.000277492,0.000168787,9.95e-06,0.000387789,0.000471372,0.000358816,-0.000329393,0.000344898,-0.00057307,0.000239866,-0.000607101,0.000212912,-0.000589604,0.000230344,-0.000377642,0.000374036,-0.000604372,0.000504333,-7.58e-05,0.000119851,4.82e-05,0.000115079,0.00121404,0.000811189,0.000996206,0.001177065,0.001498463,0.001135646,Neutral,Participant 1,0.000168308,0.000265584,0.000176347,0.000228422,0.000249926,0.000178153,0.000448631,0.000312812,-0.001194695,0.001122567,6.69e-05,0.000168531,0.000194752,0.000190127,5.43e-05,0.00030923,-0.000424497,0.000317941,8.1e-05,0.000331995,0.000741225,0.000328004,0.000716441,0.000282973,0.000701553,0.000275403,0.00046899,0.000409649,0.000875252,0.00054115,0.000108967,0.000138692,-8.25e-05,0.000129465,-0.001392211,0.000702791,-0.001078199,0.00091333,-0.00183408,0.000900371,1,Mid
7.85e-05,0.000125691,-2.9e-06,8.96e-05,-2.68e-05,0.000102665,0.000142211,8.51e-05,0.000181166,0.00010765,0.002262904,0.000750955,0.000684993,0.000591721,0.000646058,0.0006527,0.000863229,0.000635678,0.00278313,0.001140567,0.00023302,0.000439546,0.001065244,0.000465796,0.00104594,0.00043176,0.002278406,0.001558845,0.001100562,0.000510637,0.000517788,0.001466484,0.002443988,0.001375832,0.000982031,0.001202646,0.001402384,0.001124461,0.00061824,0.000846309,Neutral,Participant 2,-0.000234013,0.000177305,-5.43e-05,0.000222101,-0.000341751,0.000196453,-0.000328952,0.000221081,-0.000461132,0.000245065,-0.002396822,0.000832348,-0.000702437,0.000631705,-0.000818331,0.000775392,-0.000946641,0.000739155,-0.003392038,0.001445964,-0.000379528,0.00031024,-0.001309512,0.000551139,-0.001274551,0.000520592,-0.002928719,0.001992911,-0.001068895,0.000421094,-0.00065934,0.001178591,-0.001716595,0.00109282,-0.000784235,0.000975929,-0.000892908,0.000901963,-0.000625936,0.00073781,2,High
0.000757614,0.000568182,0.000772705,0.000541463,0.000865032,0.000543878,0.000737632,0.000530332,0.000685536,0.00055889,0.000295498,0.000329863,-5.7e-05,0.000156069,8.05e-05,0.000352963,-0.000109108,0.000538396,0.000480996,0.000668004,7.12e-05,0.000170888,4.59e-05,0.000137381,0.000139858,0.000282484,3.57e-07,0.000240041,0.000456659,0.000425988,-0.000364402,0.000436971,-4.4e-05,0.001219782,0.001591421,0.000898451,0.000183231,0.000114773,0.000161423,0.000108684,Neutral,Participant 3,-0.000636938,0.000557669,-0.000679715,0.000628721,-0.000736195,0.000576778,-0.000798027,0.000599065,-0.000706944,0.000577759,-0.00023919,0.000386819,7.63e-05,0.000189094,4.84e-05,0.000324742,9.71e-05,0.000634714,-0.0006957,0.000791192,-7.73e-05,0.00018264,-2.48e-05,0.00017464,6.63e-05,0.000131042,-0.000150577,0.000193496,-0.000503801,0.000336005,0.000470696,0.000561493,0.000173662,0.001628492,-0.001460349,0.000837664,-0.000356951,0.000167535,-0.000288818,0.00015816,1,Mid
0.005938882,0.004339726,-0.000382204,0.000831332,-0.00082241,0.000735574,-0.000592129,0.000638469,0.001800573,0.001959239,-0.001765216,0.000701738,-0.001917878,0.00054369,-0.001720114,0.000689983,-0.001089422,0.000855568,-0.000908276,0.000846537,-0.00058652,0.000264456,7.92e-05,0.000393087,0.00033996,0.000436032,0.000481108,0.000393367,0.000185094,0.000325286,0.000987939,0.001584407,0.000961015,0.00128264,-0.001321348,0.001271902,0.003412614,0.001725548,-0.000147607,0.001689627,Neutral,Participant 4,-0.006407266,0.004741326,-0.001628132,0.00153799,-0.000348935,0.000994096,-0.000472109,0.000812761,-0.002419961,0.002131011,0.001261428,0.000526433,0.001524634,0.000496326,0.001502967,0.000621758,0.000754715,0.001067079,0.000581411,0.00077066,-0.000767832,0.000640449,-0.001637096,0.00108507,-0.001397527,0.00096449,-0.001354798,0.00093168,-0.000748185,0.0006579,-0.001276096,0.001276041,-0.001525666,0.001045278,0.00042268,0.00091116,-0.004137621,0.001673961,-0.001029781,0.00114503,2,High
-5.45e-05,0.000145565,-2.54e-05,0.000143819,-0.000163406,0.000148285,-7.18e-05,0.000141986,2.41e-05,0.000135132,-0.00066285,0.000430486,-0.001692925,0.000764647,-0.001215963,0.000563713,-0.000546971,0.0003189,0.00035267,0.000492434,0.000643758,0.000320168,0.000685328,0.000319862,0.000585573,0.000315261,0.000507567,0.000344303,0.000428939,0.000303935,7.24e-06,0.000822426,-0.000558108,0.000536485,2.19e-05,0.000236878,4.9e-05,0.000111108,-4.73e-05,0.000123223,Neutral,Participant 5,-0.000167354,0.000179913,-9.62e-05,0.00016226,-1.51e-05,0.000170282,-0.000220482,0.000181562,-0.000291575,0.000209079,0.000464031,0.000463133,0.001238135,0.000595008,0.000804971,0.000462827,0.000376505,0.000364213,-0.000603933,0.000629358,-0.000633976,0.000364053,-0.000679145,0.000389601,-0.000593276,0.00041675,-0.000670239,0.000350546,-0.000541406,0.000323344,-0.000292037,0.000668755,0.000219795,0.000308021,-0.000162039,0.000210047,-0.000212853,0.00017488,1.14e-05,0.000181391,1,Mid
-8.82e-05,0.000137116,-2.67e-05,0.000115207,-1.34e-05,0.000114782,-0.000185767,0.000129179,-0.000383748,0.000208187,-0.000317876,0.000238251,-7.11e-06,0.000164635,-7.04e-05,0.000218757,0.000103436,0.000201048,0.000338705,0.000163832,-0.000308379,0.000208043,-0.000287163,0.000199552,-8.84e-05,0.000163839,0.000123369,0.000200611,-4.72e-05,0.000231961,0.000101033,0.000113787,1.32e-05,0.000113189,1.6e-05,0.000115701,-0.000260302,0.00027553,0.00036677,0.000178533,Neutral,Participant 6,6.81e-05,0.000145462,7.42e-05,0.000132962,-4.51e-06,0.000128274,0.000201157,0.000131446,0.000386864,0.000201367,0.000336955,0.000254294,1.1e-05,0.00018231,4.88e-05,0.000235892,-0.000219174,0.000246333,-0.000329202,0.000185172,0.000401381,0.000272586,0.000408722,0.000255675,0.000135834,0.000213657,-0.00010402,0.000254219,0.000106301,0.000286843,-0.000123617,0.000139848,-1.37e-05,0.000130359,2.77e-05,0.000124106,0.000274146,0.000274691,-0.000473228,0.000244167,1,Mid
0.000180171,0.000176624,0.000366551,0.00022559,0.000337198,0.000190016,0.000195891,0.000107476,0.000111622,8.92e-05,-0.000328384,0.000841987,-0.000201708,0.000677116,-0.000216375,0.000844994,-0.00017801,0.001361279,0.000134548,0.002450705,0.000197731,0.000374476,0.000224749,0.000376352,0.000319342,0.000264377,0.000370462,0.000310069,0.000395176,0.00035568,-9.8e-05,0.000249634,-1.3e-05,0.000206629,-1.62e-05,0.000202135,-0.00014271,0.000190059,-0.000194429,0.000168208,Neutral,Participant 7,-0.000513667,0.000316891,-0.000676619,0.000360481,-0.000638173,0.000266189,-0.000611288,0.000233254,-0.000506982,0.000199761,0.000289495,0.001010279,0.000293332,0.000734675,0.000164261,0.000999023,2.44e-05,0.001663008,-0.000162299,0.003130391,-0.000317937,0.000295631,-0.000337253,0.000305654,-0.000452375,0.000288345,-0.000669134,0.000321374,-0.000588261,0.000318475,-0.000300872,0.000282301,-0.00033903,0.000269521,-0.000283675,0.000285894,-1.31e-05,0.000258584,7.74e-05,0.000228699,0,Low
0.000145557,0.000150598,3.86e-05,0.000151922,4.46e-05,0.000138871,0.000156907,0.000106185,0.000258793,0.000129367,0.000863805,0.000761799,0.000507967,0.000385127,2.49e-05,0.000686283,0.000948753,0.000770498,0.000512066,0.000685983,0.002195521,0.001309883,0.002271067,0.001057083,-0.00061083,0.001143957,-0.001087641,0.000758927,-0.001017148,0.001051511,-0.000105696,6.55e-05,0.000822489,0.001457603,-0.002997949,0.002861122,-0.003617573,0.002876889,-4.71e-06,5.63e-05,Neutral,Participant 8,-0.000149733,0.000174548,-7.69e-06,0.000180214,-6.88e-05,0.000165308,-0.000265681,0.00015547,-0.000431461,0.00019119,-0.001071662,0.000889805,-0.00057599,0.000480409,8.52e-05,0.000830839,-0.001048547,0.000923296,-0.000148815,0.000804666,-0.001354694,0.001632712,-0.002011954,0.001292362,0.001129842,0.001447623,0.001362129,0.000931411,0.002618924,0.001295398,4.93e-05,0.000100014,0.001162953,0.001542648,0.004782781,0.003574673,0.004245961,0.003696058,0.000292105,0.000109676,2,High
0.000214028,9.44e-05,0.000357623,0.00013576,0.000286954,0.000107968,0.000192234,0.000108158,-1.87e-05,9.14e-05,0.000689137,0.000402003,0.000145233,0.000202528,0.000177684,0.000300804,-9.67e-05,0.00020337,0.000780687,0.000646337,0.000390405,0.000845069,0.000173061,0.000602986,0.001391533,0.000852382,-0.000451845,0.000684034,4.23e-05,0.000412877,0.000100626,0.000186144,2.74e-05,9.81e-05,-0.000176994,0.000159112,0.000161081,0.000171501,8.94e-05,0.000180399,Neutral,Participant 9,-0.000474535,0.00023362,-0.000364085,0.000149398,-0.000389675,0.0002145,-0.000401393,0.000157872,-0.000128372,0.000144912,-0.000893789,0.000505306,-6.01e-05,0.000243833,-0.000146455,0.000340015,0.000175377,0.000254015,-0.000944493,0.000754116,-0.000511311,0.001021826,-0.000357062,0.000736737,-0.001501546,0.001041629,0.000689735,0.000855926,-3.68e-05,0.0005269,-0.000567563,0.000196041,-5.94e-05,0.000120172,0.000109404,0.000193506,-0.000277213,0.000192746,-0.000102316,9.91e-05,1,Mid
-4.68e-05,0.000206829,-0.000391413,0.000330804,0.000243984,0.000191233,-1.17e-06,8.21e-05,4.9e-05,7.73e-05,0.000588746,0.00065602,0.000620913,0.0005048,0.000983932,0.000575649,0.000584034,0.001864543,0.000444034,0.001405476,4.91e-05,0.000121075,-0.000384951,0.00043784,-0.000106848,0.000183961,-3.23e-05,0.000119022,-0.00019354,0.000129956,-0.000587674,0.000317886,-0.000796296,0.000475896,-0.000131602,0.000175532,-0.000185114,0.000148129,-0.000252121,0.000185632,Neutral,Participant 10,0.000203148,0.000382295,0.000560584,0.000586921,0.000233788,0.000347222,0.000324738,0.00022907,0.000138418,0.000143387,-0.000976129,0.000836865,-0.000985233,0.000499551,-0.001187457,0.000639211,-0.000650128,0.002421929,-0.000570731,0.001840369,6.99e-07,0.000397779,0.00055188,0.001129172,0.000171166,0.000659318,-0.000265211,0.000449047,-0.000516191,0.000387804,0.000460425,0.000241702,0.000405358,0.000235834,8.89e-05,0.000247785,0.000193166,0.000167887,0.000294123,0.000276536,0,Low
0.000321922,0.000435682,0.000282975,0.000288609,0.000107055,0.000348866,-3.26e-05,0.000346129,9.04e-05,0.000484667,-0.000809781,0.000433887,2.36e-05,0.000316826,-0.000335725,0.000321413,0.002227553,0.001586478,0.001712395,0.001570685,-0.000206663,0.000212611,-0.000285234,0.000245479,-0.000130576,0.000258781,-4.98e-05,0.000225462,-8.71e-05,0.000169949,-0.001081706,0.000739946,-0.000569768,0.000423227,-7.74e-05,0.000238224,-0.000322053,0.00031288,-0.000367447,0.000285479,Neutral,Participant 11,-0.000145087,0.000409513,0.000128351,0.000366178,0.000291371,0.000421252,0.00018514,0.000420546,-3.09e-05,0.000516723,0.000909755,0.000508095,-6.64e-05,0.000342151,0.000313445,0.000405446,-0.002939428,0.002082792,-0.002375238,0.002108133,0.000247385,0.000269182,0.000223712,0.000287038,3.91e-05,0.00026415,-7.88e-05,0.000234555,9.73e-05,0.000206208,0.00095729,0.000678029,0.000519939,0.000427957,0.000260125,0.000304263,0.000369878,0.00038878,0.000322991,0.000340336,0,Low
9.04e-05,0.000172874,7.08e-05,0.000129387,6.19e-05,0.000141627,-0.002555963,0.001619887,-0.000104779,0.000231533,0.000924752,0.000429615,-0.000146349,0.000122915,0.000233823,0.000304113,0.000420876,0.000276882,0.000440596,0.000316043,-0.000127132,0.000732164,-0.000195049,0.000528861,5.32e-05,0.000458606,0.00071058,0.000595559,0.000253991,0.000507657,0.000600817,0.000293887,5.68e-05,0.000166103,-3.33e-05,0.000157606,-2.39e-05,0.000198957,7.01e-05,0.000225587,Neutral,Participant 12,-0.000168238,0.000203611,-0.000175823,0.000158539,-0.000106198,0.000156898,0.003253607,0.002021966,2.63e-05,0.000281881,-0.000854418,0.000396334,0.000186516,0.00014552,-5.43e-05,0.000325451,-0.000383089,0.000314417,-5.71e-05,0.000314144,0.000510773,0.000949485,0.000562926,0.000671818,0.000205423,0.000573626,-0.000681603,0.00073296,-3.85e-05,0.000602308,8.11e-06,0.000202148,0.00033041,0.000182433,0.000432404,0.0002112,0.000469447,0.000214166,0.000273136,0.000220433,1,Mid
-0.000466724,0.00017902,-0.000504681,0.000207447,-0.000566429,0.00025333,-0.000542312,0.000223651,-0.000379238,0.000167677,0.000928261,0.000745094,0.0008161,0.000609052,0.000919663,0.000797573,0.001843738,0.001153793,0.001177887,0.001082846,-0.000622306,0.000257351,-0.00058556,0.000255537,-0.000587213,0.000238679,-0.000500241,0.000188554,-0.000391842,0.000163632,-0.000179309,0.000127243,-0.000152828,0.000128116,-8.16e-05,0.000147069,-0.000183615,0.000139402,-0.00023057,0.000142171,Neutral,Participant 13,0.000824473,0.000333277,0.000731762,0.000323688,0.000727186,0.000384371,0.000637417,0.0003577,0.000560961,0.000258474,-0.00071214,0.000851304,-0.00054934,0.00054076,-0.000784803,0.000878983,-0.001706195,0.001303756,-0.000989888,0.001281211,0.000846985,0.000309967,0.000828844,0.000303888,0.000783261,0.000276485,0.000628012,0.000228328,0.000541835,0.000207219,0.000475239,0.000257581,0.000468247,0.000262517,0.00038315,0.000250548,0.000552701,0.000313015,0.000685277,0.000331403,0,Low
-9.67e-05,0.000157951,-0.000153308,0.000163887,-8.86e-05,0.000162819,-0.000306818,0.000163585,-0.000188803,0.000164846,-0.000237555,0.000964864,0.001008656,0.000863728,-7.3e-05,0.000381897,0.000273404,0.000328927,0.00014342,0.000415875,0.000196726,0.000359104,0.000132664,0.000358822,7.04e-05,0.000409023,2.83e-06,0.000339853,6.48e-05,0.000270203,-0.000407272,0.000242896,0.000285033,0.000628129,0.000484326,0.000981464,-0.00059541,0.000242089,-0.000678377,0.000347178,Neutral,Participant 14,7.79e-05,0.000192041,0.000293692,0.000168362,0.000218843,0.000144016,-2.64e-05,0.000171022,6.25e-05,0.000171182,0.000119247,0.001165495,-0.001240749,0.001112033,0.000187552,0.000488436,-0.00033275,0.000395654,-0.000225797,0.000523287,-0.000183378,0.000484844,0.000115029,0.000478358,0.000318154,0.000513796,0.000253546,0.000456632,0.000224013,0.000396821,0.000593647,0.000231138,0.000553595,0.000330949,0.000421728,0.000441738,0.000641924,0.00028842,0.000422543,0.000422027,1,Mid
-0.000386829,0.000329089,-0.000299164,0.000286239,-0.000258413,0.000275024,-0.000252149,0.000258417,-0.000359691,0.000294714,-0.000411255,0.00078046,-0.00017835,0.000422968,-0.000728956,0.000653958,-0.000580518,0.000467431,4.38e-05,0.000605988,6.95e-05,0.00015246,0.000154471,0.000244188,0.000158468,0.000227967,0.000132666,0.000195287,7.4e-05,0.00015381,-2.8e-05,0.000189718,-9.47e-05,0.000509206,-0.000733794,0.000760383,-0.000145899,0.000504764,-0.00043916,0.000464195,Neutral,Participant 15,0.000394046,0.000325035,0.000402704,0.000294548,0.000493529,0.000298463,0.000364162,0.000281117,0.000532499,0.000320671,0.000668968,0.001061867,0.000332594,0.000373215,0.001134304,0.0008782,0.000945229,0.000604293,6.57e-05,0.000696594,-8.78e-05,0.000205942,-0.000247281,0.000313637,-0.000162192,0.000272791,-8.74e-05,0.000213023,5.39e-06,0.000172441,0.000119058,0.000196968,0.000425906,0.000340793,0.000765326,0.000612964,0.000286385,0.000519557,0.000544734,0.000462633,1,Mid
0.000210505,9.7e-05,0.000174219,7.47e-05,0.000181429,8.02e-05,0.000127609,5.66e-05,0.000279368,0.000122526,0.000138001,0.000127179,-4.8e-05,0.00010472,-0.000115126,8.56e-05,-0.000188586,8.49e-05,-0.000108776,0.000108538,-0.000460291,0.000489286,-0.001401785,0.000757419,-0.000871202,0.000734348,-0.000892271,0.000628284,-8.21e-05,0.000231328,2.39e-05,0.000114858,9.36e-06,0.000103877,2.1e-05,8.6e-05,-0.000371846,0.000756157,0.004126393,0.002336587,Neutral,Participant 16,-0.000206027,0.000110974,-0.000119519,6.85e-05,-0.000121831,6.29e-05,-0.000131783,0.000103061,-0.000356264,0.000201343,-0.000152394,0.00020639,-5.71e-05,0.000152095,1.65e-05,0.000127645,0.000193833,9.14e-05,4.18e-05,0.000138223,0.000655489,0.000642084,0.001962734,0.001059265,0.001283866,0.001018957,0.001276142,0.000847637,0.00012631,0.000282354,-1.93e-08,0.000139924,4.31e-05,0.000127591,-3.23e-05,0.000108538,0.000456852,0.000998549,-0.003020561,0.001810306,1,Mid
0.000535289,0.000191271,0.000479912,0.000129196,0.000383165,0.00013498,0.000415636,0.000172684,0.000253204,0.000254883,-0.000442879,0.000760842,-0.000855218,0.000521087,0.00236732,0.001332934,-0.0008397,0.001414738,-0.000676569,0.001061374,-0.000361242,0.00032336,6.2e-05,0.000163629,-0.000310476,0.00026339,-0.000231787,0.000207018,-0.000228944,0.000221291,-0.001529921,0.00115565,0.000547963,0.001116477,1.93e-05,0.000730826,0.000419618,0.00022862,0.000772399,0.000385197,Neutral,Participant 17,-0.000239176,0.000230847,-0.000378404,0.000152373,-0.000361589,0.000143202,-0.000359923,0.000175247,-0.000256701,0.000247427,0.000760242,0.000709039,0.000580081,0.000481167,-0.00259235,0.001517735,0.000999266,0.001737617,0.000842142,0.001342833,0.000632414,0.000437719,0.000446773,0.000345552,0.000210557,0.0002414,0.000372372,0.000314003,0.000351528,0.000319332,0.00129472,0.001198895,-0.001017146,0.001439629,0.000621956,0.000571701,-0.000546318,0.000316119,-0.000997275,0.000509977,0,Low
-1.18e-05,5.03e-05,0.001027021,0.000307664,-4.98e-05,0.000119321,5.62e-05,0.000140789,-3.13e-05,0.00011167,8.84e-05,0.000221421,0.000113535,0.000161626,5.04e-05,0.000125594,0.000152192,0.000128398,0.000234648,0.000163704,-0.001090625,0.000759542,7.57e-07,0.000592012,-0.001158245,0.000586419,-0.00030941,0.000445605,-0.000972983,0.000392266,0.000481453,0.00084502,0.000231575,0.000516509,0.000365111,0.000277101,0.000250148,0.000164998,0.000231801,0.00012056,Neutral,Participant 18,2.07e-05,9.88e-05,-0.00125836,0.000339328,-0.000329044,0.000160594,-0.000318478,0.00017803,-0.000110472,0.000188443,-7.48e-05,0.000259927,-5.86e-05,0.000223883,-6.33e-05,0.000244266,-0.000152893,0.000169894,-0.000113875,0.000172431,0.001024108,0.000917546,-0.000238233,0.000847799,0.001398149,0.000890488,0.000291557,0.000601547,0.001132901,0.000502054,-0.000445998,0.000509126,-0.000487531,0.000308253,-0.000600343,0.000284503,-0.000258677,0.000151224,-0.000118877,7.54e-05,1,Mid
-9.18e-05,0.000607933,-0.000110476,0.000555634,-0.000266307,0.000724653,-0.000469864,0.000685011,7.66e-05,0.000148379,0.000136571,0.000132295,0.000839214,0.000545898,-0.001359235,0.000578298,-0.001302527,0.000592703,-0.001467711,0.00057374,-0.000296427,0.000492683,-0.000311269,0.000409328,-0.000438945,0.000383423,-0.000478179,0.000442308,-0.000240496,0.000523622,0.001051056,0.00177875,0.000589715,0.00126165,-0.000876719,0.000739197,-0.000898321,0.000336555,-0.000539958,0.00023183,Neutral,Participant 19,-0.000786003,0.001157094,-0.000630537,0.000963158,-0.000815952,0.001137907,-0.000680867,0.001083454,-4.64e-05,0.000162456,-0.000125595,0.000166066,-0.000454564,0.000392414,0.00092804,0.000468127,0.00109954,0.000588166,0.00116025,0.000548967,0.00014539,0.00049593,-0.000253255,0.000484265,-0.000140445,0.000448877,-0.000178874,0.000470534,8.41e-05,0.000566094,-0.001357406,0.002149196,-0.000696625,0.001644066,0.001214943,0.000712084,0.00109472,0.000544391,0.000510399,0.000297671,1,Mid
-0.000168687,0.000217804,0.000116556,0.001603301,-3.55e-05,0.000121032,-0.000178572,0.000191448,0.000178563,0.000170667,9.77e-05,0.000151863,-0.000160248,0.000151011,-0.000260624,0.000185838,4.19e-05,0.000318493,-0.000197949,0.000148481,-0.000238791,0.000196388,-0.000163635,0.000158695,0.000102483,0.000202512,-4e-06,0.000240962,8.01e-05,0.000191755,-1.45e-05,9.72e-05,5.18e-05,8.19e-05,-5.76e-05,8.89e-05,8.4e-05,0.000109828,-0.000158529,0.000136723,Neutral,Participant 20,0.000129059,0.000273363,-0.000319752,0.001985516,9.14e-05,0.000143995,0.00016029,0.000242046,-0.000183607,0.000196244,-6.6e-05,0.00018284,6.97e-05,0.000183212,0.000235746,0.00020872,-0.000196157,0.000377043,0.000249653,0.000179736,0.000325249,0.000245603,0.000206218,0.000210134,-0.000186237,0.000247778,6.17e-05,0.000300106,-0.000106231,0.000234808,4.51e-05,0.000116411,-4.86e-05,9.41e-05,9.16e-05,0.000107753,-8.08e-05,0.000122815,0.000210065,0.000169795,1,Mid
-0.000278579,0.001017597,0.00178643,0.002047475,-0.000191548,0.000972645,0.000274537,0.000255803,5.07e-05,0.000333125,-0.001038367,0.001715122,0.000347198,0.000677537,0.00050923,0.000659197,0.000238734,0.000485409,0.000175276,0.000574119,-6.29e-05,0.000268954,0.000433312,0.000649632,0.000225725,0.000273649,0.00014327,0.000659294,0.00040751,0.000824867,-0.000802812,0.00269461,-0.000438514,0.003064383,-0.000553606,0.002957367,-0.00023479,0.003108959,-0.002585686,0.003239455,Neutral,Participant 21,0.000313977,0.001251207,-0.002313108,0.002627129,0.000251048,0.001265783,-0.000325093,0.000334116,-0.000241672,0.000387326,0.001145035,0.001412148,-0.000219301,0.000701969,-0.000289874,0.000662291,-7.45e-05,0.000502189,1.18e-05,0.000521173,-8.92e-06,0.000318805,-0.000740148,0.000895779,-0.000328998,0.000349621,-0.000136957,0.000890281,-0.000597229,0.001053156,0.000273358,0.001727528,0.000225271,0.002122,6.62e-05,0.002154226,-2.88e-05,0.002195035,0.0025258,0.002427203,2,High
